FECHA,HORA,COMIDA,FORMA DE PAGO,PERSONAS,PRECIO,Comentarios,,,PRODUCTO,ENERO ,FEBRERO,MARZO,ABRIL,MAYO,JUNIO,SEPTIEMBRE,OCTUBRE,NOVIEMBRE,DICIEMBRE
12/01/2026,9:23:59,Cafe con leche pequeño,Datáfono,"Kawtar, Adri, Claudia","1,20 €",,,,Sandwich pavo y queso,84,81,55,51,36,4,0,0,0,0
12/01/2026,9:30:50,Cafe sin lactosa pequeño,Efectivo,"Kawtar, Adri, Claudia","1,20 €",,,,Cafe solo pequeño,4,10,32,25,7,2,0,0,0,0
12/01/2026,9:31:21,Cafe sin lactosa pequeño,Efectivo,"Kawtar, Adri, Claudia","1,20 €",,,,Tostada mantequilla y mermelada,2,0,0,0,0,0,0,0,0,0
12/01/2026,9:38:01,Cafe sin lactosa pequeño,Efectivo,"Kawtar, Adri, Claudia","1,20 €",,,,Tostada tomate y aceite,7,2,2,0,0,0,0,0,0,0
12/01/2026,9:38:15,Cafe con leche pequeño,Efectivo,"Kawtar, Adri, Claudia","1,20 €",,,,Tostada jamón,4,3,2,0,0,0,0,0,0,0
12/01/2026,9:38:18,Cafe con leche pequeño,Efectivo,"Kawtar, Adri, Claudia","1,20 €",,,,Pincho tortilla,34,26,15,3,1,1,0,0,0,0
12/01/2026,9:53:21,Cafe sin lactosa pequeño,Datáfono,"Kawtar, Adri, Claudia","1,20 €",,,,Croissant a la plancha,6,0,1,2,0,0,0,0,0,0
12/01/2026,10:03:10,Cafe sin lactosa pequeño,Datáfono,"Kawtar, Adri, Claudia","1,20 €",,,,Bocata lomo y queso,19,31,20,18,9,0,0,0,0,0
12/01/2026,10:03:18,Cafe con leche pequeño,Datáfono,"Kawtar, Adri, Claudia","1,20 €",,,,Bocata jamón,0,1,0,1,2,1,0,0,0,0
12/01/2026,10:03:25,Cafe con leche pequeño,Datáfono,"Kawtar, Adri, Claudia","1,20 €",,,,Bocata tortilla,8,8,3,7,3,0,0,0,0,0
12/01/2026,10:06:34,Cafe con leche pequeño,Datáfono,"Kawtar, Adri, Claudia","1,20 €",,,,Gofre,6,9,1,1,0,0,0,0,0,0
12/01/2026,10:28:21,Sandwich pavo y queso,Datáfono,"Kawtar, Adri, Claudia","2,50 €",,,,Cafe americano pequeño,2,5,8,3,2,0,0,0,0,0
12/01/2026,10:34:33,Sandwich pavo y queso,Efectivo,"Kawtar, Adri, Claudia","2,50 €",,,,Croissant pavo y queso,5,0,3,5,2,1,0,0,0,0
12/01/2026,10:34:41,Cafe con leche pequeño,Efectivo,"Kawtar, Adri, Claudia","1,20 €",,,,Cafe con leche pequeño,193,56,58,27,29,0,0,0,0,0
12/01/2026,10:40:24,Cafe con leche pequeño,Datáfono,"Kawtar, Adri, Claudia","1,20 €",,,,Cafe sin lactosa pequeño,39,4,5,4,0,1,0,0,0,0
12/01/2026,10:40:28,Cafe con leche pequeño,Datáfono,"Kawtar, Adri, Claudia","1,20 €",,,,ColaCao sin lactosa,3,0,0,0,0,0,0,0,0,0
12/01/2026,10:45:35,Cafe con leche pequeño,Efectivo,"Kawtar, Adri, Claudia","1,20 €",,,,ColaCao,8,8,4,0,1,0,0,0,0,0
12/01/2026,10:46:44,Cafe sin lactosa pequeño,Datáfono,"Adri, Kawtar","1,20 €",,,,Agua,27,23,16,11,11,4,0,0,0,0
12/01/2026,10:46:29,Cafe sin lactosa pequeño,Efectivo,"Adri, Kawtar","1,20 €",,,,Coca Cola,25,18,12,4,5,0,0,0,0,0
12/01/2026,11:27:55,Cafe con leche pequeño,Datáfono,"Adri, Kawtar","1,20 €",,,,Coca Cola Zero,9,11,7,6,5,1,0,0,0,0
12/01/2026,11:27:59,Cafe con leche pequeño,Datáfono,"Adri, Kawtar","1,20 €",,,,Cerveza,11,6,3,0,4,0,0,0,0,0
12/01/2026,11:51:12,Cafe con leche pequeño,Efectivo,"Adri, Kawtar","1,20 €", ,,,Redbull sin azucar,15,19,3,16,5,0,0,0,0,0
12/01/2026,11:51:27,Sandwich pavo y queso,Efectivo,"Adri, Kawtar","2,50 €",,,,Redbull naranja,5,2,0,1,3,0,0,0,0,0
12/01/2026,12:41:37,Pincho tortilla,Datáfono,"Adri, Kawtar","1,50 €",Ha pagado 1.75€ y se ha cogido 2 trozos de pan,,,Redbull blanco,11,6,4,0,1,0,0,0,0,0
12/01/2026,13:34:08,Pincho tortilla,Datáfono,"Aitana, Canario","1,50 €",,,,Cafe con leche grande,47,172,122,92,54,13,0,0,0,0
12/01/2026,13:40:54,Bocata tortilla,Efectivo,"Aitana, Canario","4,00 €",,,,Cafe sin lactosa grande,15,17,11,7,3,0,0,0,0,0
12/01/2026,13:43:10,Cafe sin lactosa pequeño,Datáfono,"Aitana, Canario","1,20 €",,,,Cafe americano grande,0,4,1,6,2,0,0,0,0,0
12/01/2026,13:43:37,Pincho tortilla,Datáfono,"Canario, Aitana","1,50 €",,,,Cafe solo grande,3,15,4,2,1,0,0,0,0,0
12/01/2026,13:47:22,Agua,Datáfono,"Aitana, Canario","1,00 €",,,,Pack desayuno sandwich,0,39,37,12,2,1,0,0,0,0
12/01/2026,13:55:22,Cafe con leche pequeño,Datáfono,"Aitana, Canario","1,20 €",,,,Pack desayuno tostada,0,0,2,0,2,0,0,0,0,0
12/01/2026,14:25:17,Tenedor,Efectivo,"Aitana, Canario","0,20 €",,,,Pack dulce,0,5,0,1,1,0,0,0,0,0
12/01/2026,14:48:17,Cafe con leche pequeño,Efectivo,"Aitana, Canario","1,20 €",30 céntimos de propina,,,Pack TLS,0,0,3,0,0,0,0,0,0,0
12/01/2026,14:49:39,ColaCao sin lactosa,Efectivo,"Aitana, Canario","1,20 €",,,,Pack comida lomo,0,0,1,1,2,1,0,0,0,0
12/01/2026,15:01:12,Bocata lomo y queso,Datáfono,"Aitana, Canario","4,00 €",,,,Pack comida tortilla,0,0,1,1,1,0,0,0,0,0
12/01/2026,15:35:20,Agua,Datáfono,"Aitana, Canario","1,00 €",,,,Nestea,0,1,0,0,0,2,0,0,0,0
12/01/2026,15:50:54,Cafe sin lactosa pequeño,Datáfono,"Aitana, Canario","1,20 €",,,,Aquarius de limon,0,2,3,1,2,0,0,0,0,0
12/01/2026,17:07:23,Cafe con leche pequeño,Efectivo,"Aitana, Canario","1,20 €",,,,Te,0,1,2,2,0,0,0,0,0,0
12/01/2026,17:30:35,Galleta,Datáfono,"Aitana, Canario","1,20 €",,,,,,,,,,,,,,
13/01/2026,9:19:29,Cafe con leche pequeño,Datáfono,"Sofía, Luca","1,20 €",,,,,,,,,,,,,,
13/01/2026,9:19:34,Cafe con leche pequeño,Datáfono,"Sofía, Luca","1,20 €","50,30 efectivo ",,,,,,,,,,,,,
13/01/2026,9:19:37,Cafe con leche pequeño,Datáfono,"Sofía, Luca","1,20 €",2€ de propina,,,,,,,,,,,,,
13/01/2026,9:19:55,Sandwich pavo y queso,Datáfono,"Sofía, Luca","2,50 €","12,6€ de datáfono",,,,,,,,,,,,,
13/01/2026,9:20:01,Sandwich pavo y queso,Datáfono,"Sofía, Luca","2,50 €",,,,,,,,,,,,,,
13/01/2026,9:40:13,Cafe con leche pequeño,Datáfono,"Luca, Sofía","1,20 €",,,,,,,,,,,,,,
13/01/2026,9:56:57,Cafe con leche pequeño,Efectivo,"Luca, Sofía","1,20 €",,,,,,,,,,,,,,
13/01/2026,10:03:03,Cafe con leche pequeño,Efectivo,"Sofía, Luca","1,20 €",,,,,,,,,,,,,,
13/01/2026,10:03:08,Pincho tortilla,Datáfono,"Sofía, Luca","1,50 €",,,,,,,,,,,,,,
13/01/2026,10:03:24,Cafe con leche pequeño,Datáfono,"Sofía, Luca","1,20 €",,,,,,,,,,,,,,
13/01/2026,10:14:15,Cafe con leche pequeño,Datáfono,"Sofía, Luca","1,20 €",,,,,,,,,,,,,,
13/01/2026,10:39:32,Sandwich pavo y queso,Efectivo,"Sofía, Luca","2,50 €",,,,,,,,,,,,,,
13/01/2026,10:57:29,Cafe con leche pequeño,Datáfono,"Sofía, Luca","1,20 €",,,,,,,,,,,,,,
13/01/2026,11:00:12,Cafe con leche pequeño,Datáfono,"Sofía, Luca","1,20 €",,,,,,,,,,,,,,
13/01/2026,11:00:53,Cafe con leche pequeño,Datáfono,"Sofía, Luca","1,20 €",,,,,,,,,,,,,,
13/01/2026,11:20:21,Cafe con leche pequeño,Efectivo,"Luca, Sofía","1,20 €",,,,,,,,,,,,,,
13/01/2026,11:20:26,Cafe con leche pequeño,Efectivo,"Luca, Sofía","1,20 €",,,,,,,,,,,,,,
13/01/2026,11:23:57,Sandwich pavo y queso,Datáfono,"Sofía, Luca","2,50 €",,,,,,,,,,,,,,
15/04/2026,10:03:46,Cafe sin lactosa pequeño,Efectivo,"Sofía, Luca","1,20 €",,,,,,,,,,,,,,
13/01/2026,11:56:49,Cafe con leche pequeño,Efectivo,"Sofía, Luca","1,20 €",,,,,,,,,,,,,,
13/01/2026,11:56:57,Cafe con leche pequeño,Datáfono,"Sofía, Luca","1,20 €",,,,,,,,,,,,,,
13/01/2026,11:57:29,Sandwich pavo y queso,Datáfono,"Sofía, Luca",,,,,,,,,,,,,,,
13/01/2026,11:57:43,Sandwich pavo y queso,Datáfono,"Sofía, Luca",,,,,,,,,,,,,,,
13/01/2026,11:58:03,Cafe con leche pequeño,Datáfono,"Sofía, Luca",,,,,,,,,,,,,,,
13/01/2026,12:23:40,Sandwich pavo y queso,Datáfono,"Álvaro, Mery",,,,,,,,,,,,,,,
13/01/2026,12:24:28,Sandwich pavo y queso,Datáfono,"Mery, Álvaro",,,,,,,,,,,,,,,
13/01/2026,12:24:52,Sandwich pavo y queso,Datáfono,"Álvaro, Mery",,,,,,,,,,,,,,,
13/01/2026,12:25:16,Cafe con leche pequeño,Efectivo,"Álvaro, Mery","2,50 €",,,,,,,,,,,,,,
13/01/2026,12:25:29,Cafe con leche pequeño,Efectivo,"Álvaro, Mery","2,50 €",,,,,,,,,,,,,,
13/01/2026,12:46:15,Cafe con leche pequeño,Efectivo,"Mery, Álvaro","1,20 €",,,,,,,,,,,,,,
13/01/2026,12:46:43,Sandwich pavo y queso,Datáfono,"Mery, Álvaro","2,50 €",,,,,,,,,,,,,,
13/01/2026,13:53:10,Pincho tortilla,Datáfono,"Álvaro, Mery","2,50 €",,,,,,,,,,,,,,
13/01/2026,14:02:01,Cafe con leche pequeño,Datáfono,"Mery, Álvaro","2,50 €",,,,,,,,,,,,,,
13/01/2026,17:50:11,Bocata tortilla,Datáfono,"Mery, Álvaro","1,20 €",,,,,,,,,,,,,,
13/01/2026,14:27:34,Cafe con leche pequeño,Datáfono,"Álvaro, Mery","1,20 €",,,,,,,,,,,,,,
13/01/2026,14:38:57,Cafe con leche pequeño,Efectivo,"Mery, Álvaro","1,20 €",,,,,,,,,,,,,,
13/01/2026,14:39:07,Cafe con leche pequeño,Datáfono,"Álvaro, Mery","2,50 €",,,,,,,,,,,,,,
13/01/2026,15:01:19,Tostada jamón,Datáfono,"Mery, Álvaro","1,50 €",,,,,,,,,,,,,,
13/01/2026,15:01:40,Gofre,Datáfono,"Mery, Álvaro","1,20 €",,,,,,,,,,,,,,
13/01/2026,15:17:15,Croissant pavo y queso,Datáfono,"Kawtar, Adri","4,00 €","croissant de diego mixto (queso, pavo y mantequilla) 2.50",,,,,,,,,,,,,
13/01/2026,15:20:22,Croissant a la plancha,Datáfono,"Kawtar, Adri","1,20 €",croissant de angel solo 1€,,,,,,,,,,,,,
13/01/2026,15:20:48,Pincho tortilla,Datáfono,"Kawtar, Adri","1,20 €",,,,,,,,,,,,,,
13/01/2026,15:23:49,Pincho tortilla,Efectivo,"Kawtar, Adri","1,20 €",,,,,,,,,,,,,,
13/01/2026,15:25:09,Cafe con leche pequeño,Datáfono,"Kawtar, Adri","2,50 €",,,,,,,,,,,,,,
14/01/2026,13:25:16,Coca Cola,Datáfono,"Kawtar, Adri","2,50 €",cocacola,,,,,,,,,,,,,
13/01/2026,15:51:04,Cafe con leche pequeño,Efectivo,"Kawtar, Adri","2,50 €",,,,,,,,,,,,,,
13/01/2026,15:51:07,Cafe con leche pequeño,Efectivo,"Kawtar, Adri","1,00 €",,,,,,,,,,,,,,
13/01/2026,15:51:12,Cafe sin lactosa pequeño,Efectivo,"Kawtar, Adri","1,50 €",,,,,,,,,,,,,,
13/01/2026,16:05:08,Redbull sin azucar,Datáfono,"Kawtar, Adri","1,50 €",red bull,,,,,,,,,,,,,
14/01/2026,9:03:07,Cafe con leche pequeño,Datáfono,"Claudia, Canario","1,20 €",,,,,,,,,,,,,,
14/01/2026,9:03:12,Cafe con leche pequeño,Efectivo,"Claudia, Canario","1,20 €",,,,,,,,,,,,,,
14/01/2026,9:33:16,Cafe con leche pequeño,Datáfono,"Claudia, Canario","1,20 €",,,,,,,,,,,,,,
14/01/2026,9:50:28,Cafe con leche pequeño,Datáfono,"Claudia, Canario","1,20 €",,,,,,,,,,,,,,
14/01/2026,9:50:37,Cafe con leche pequeño,Datáfono,"Claudia, Canario","1,20 €",,,,,,,,,,,,,,
14/01/2026,10:01:49,Cafe sin lactosa pequeño,Efectivo,"Claudia, Canario","1,70 €",,,,,,,,,,,,,,
14/01/2026,10:01:54,Cafe sin lactosa pequeño,Eventos,"Claudia, Canario","1,20 €",,,,,,,,,,,,,,
14/01/2026,10:07:16,Cafe sin lactosa pequeño,Datáfono,"Claudia, Canario","1,20 €",,,,,,,,,,,,,,
14/01/2026,10:15:49,Redbull sin azucar,Datáfono,"Claudia, Canario","1,20 €",,,,,,,,,,,,,,
14/01/2026,10:22:54,Redbull sin azucar,Datáfono,"Claudia, Canario","1,20 €",,,,,,,,,,,,,,
14/01/2026,10:24:29,Cafe sin lactosa pequeño,Eventos,"Claudia, Canario","1,20 €",,,,,,,,,,,,,,
14/01/2026,11:24:12,ColaCao sin lactosa,Efectivo,"Claudia, Canario","1,20 €",,,,,,,,,,,,,,
14/01/2026,11:32:20,Cafe con leche pequeño,Datáfono,"Claudia, Canario","1,20 €",,,,,,,,,,,,,,
14/01/2026,11:32:22,ColaCao sin lactosa,Datáfono,"Claudia, Canario","1,20 €",,,,,,,,,,,,,,
14/01/2026,13:48:06,Sandwich pavo y queso,Datáfono,"Claudia, Canario","1,70 €",,,,,,,,,,,,,,
14/01/2026,11:32:40,Sandwich pavo y queso,Datáfono,"Claudia, Canario","1,70 €",,,,,,,,,,,,,,
14/01/2026,11:32:43,Cafe con leche pequeño,Datáfono,"Claudia, Canario","1,20 €",,,,,,,,,,,,,,
14/01/2026,11:32:52,Cafe con leche pequeño,Efectivo,"Claudia, Canario","1,20 €",,,,,,,,,,,,,,
14/01/2026,11:36:30,Sandwich pavo y queso,Efectivo,"Claudia, Canario","1,20 €",,,,,,,,,,,,,,
14/01/2026,11:40:14,Sandwich pavo y queso,Datáfono,"Claudia, Canario","1,20 €",,,,,,,,,,,,,,
14/01/2026,11:40:32,Cafe con leche pequeño,Datáfono,"Claudia, Canario","2,50 €",,,,,,,,,,,,,,
14/01/2026,11:40:34,Sandwich pavo y queso,Datáfono,"Claudia, Canario","2,50 €",,,,,,,,,,,,,,
14/01/2026,11:40:37,Sandwich pavo y queso,Datáfono,"Claudia, Canario","1,20 €",,,,,,,,,,,,,,
14/01/2026,12:04:36,Cafe sin lactosa pequeño,Efectivo,"Claudia, Canario","1,20 €",,,,,,,,,,,,,,
14/01/2026,12:09:06,Cafe con leche pequeño,Efectivo,"Claudia, Canario","2,50 €",,,,,,,,,,,,,,
14/01/2026,12:12:06,Cafe con leche pequeño,Datáfono,"Claudia, Canario","2,50 €",,,,,,,,,,,,,,
14/01/2026,12:12:09,Sandwich pavo y queso,Datáfono,"Claudia, Canario","1,20 €",,,,,,,,,,,,,,
14/01/2026,12:14:16,Cafe con leche pequeño,Efectivo,"Claudia, Canario","2,50 €",,,,,,,,,,,,,,
14/01/2026,12:44:46,Cafe con leche pequeño,,"Claudia, Canario","2,50 €",Cafe del señor de la maquina de cafe,,,,,,,,,,,,,
14/01/2026,13:19:36,Cafe con leche pequeño,Datáfono,"Aitana, Luca","1,20 €",,,,,,,,,,,,,,
14/01/2026,18:17:00,Agua,Efectivo,"Aitana, Luca","1,20 €",,,,,,,,,,,,,,
14/01/2026,13:48:15,Cafe con leche pequeño,Datáfono,"Claudia, Canario","1,20 €",,,,,,,,,,,,,,
14/01/2026,13:50:57,Croissant a la plancha,Datáfono,"Aitana, Luca","2,50 €",,,,,,,,,,,,,,
14/01/2026,18:18:48,Pincho tortilla,Datáfono,"Aitana, Luca","1,20 €",,,,,,,,,,,,,,
14/01/2026,18:19:08,Pincho tortilla,Datáfono,"Aitana, Luca","1,20 €",,,,,,,,,,,,,,
14/01/2026,18:19:32,Pincho tortilla,Datáfono,"Aitana, Luca","1,20 €",,,,,,,,,,,,,,
14/01/2026,18:19:42,Croissant a la plancha,Datáfono,"Aitana, Luca","1,00 €",,,,,,,,,,,,,,
14/01/2026,13:56:57,Cafe con leche pequeño,Eventos,"Aitana, Luca","1,20 €",,,,,,,,,,,,,,
14/01/2026,18:20:10,Bocata lomo y queso,Efectivo,"Aitana, Luca","1,50 €",,,,,,,,,,,,,,
14/01/2026,18:20:19,Sandwich pavo y queso,Efectivo,"Aitana, Luca","1,50 €",,,,,,,,,,,,,,
14/01/2026,18:20:33,Bocata lomo y queso,Datáfono,"Aitana, Luca","1,50 €",,,,,,,,,,,,,,
14/01/2026,18:20:42,Redbull blanco,Efectivo,"Aitana, Luca","1,50 €",,,,,,,,,,,,,,
14/01/2026,18:20:52,Agua,Efectivo,"Aitana, Luca","1,50 €",,,,,,,,,,,,,,
14/01/2026,14:48:57,Cafe con leche pequeño,Efectivo,"Aitana, Luca","1,20 €",Era un cafe cortado,,,,,,,,,,,,,
14/01/2026,18:21:00,Bocata lomo y queso,Datáfono,"Aitana, Luca","4,00 €",,,,,,,,,,,,,,
14/01/2026,18:21:17,Coca Cola,Efectivo,"Aitana, Luca","2,50 €",,,,,,,,,,,,,,
14/01/2026,15:27:28,Cafe con leche pequeño,Datáfono,"Aitana, Luca","4,00 €",,,,,,,,,,,,,,
14/01/2026,15:46:48,Cafe sin lactosa pequeño,Datáfono,"Aitana, Luca","1,70 €",,,,,,,,,,,,,,
14/01/2026,15:49:27,Redbull blanco,Efectivo,"Aitana, Luca","1,00 €",,,,,,,,,,,,,,
14/01/2026,16:28:56,Sandwich pavo y queso,Datáfono,"Aitana, Luca","1,20 €",,,,,,,,,,,,,,
14/01/2026,16:29:21,Cafe con leche pequeño,Datáfono,"Aitana, Luca","4,00 €",,,,,,,,,,,,,,
14/01/2026,16:29:27,Cafe con leche pequeño,Datáfono,"Aitana, Luca","1,20 €",,,,,,,,,,,,,,
14/01/2026,16:29:32,Cafe sin lactosa pequeño,Datáfono,"Aitana, Luca","1,20 €",,,,,,,,,,,,,,
14/01/2026,16:29:57,Cafe con leche pequeño,Datáfono,"Aitana, Luca","1,20 €",,,,,,,,,,,,,,
14/01/2026,16:56:31,Cafe con leche pequeño,,"Aitana, Luca","1,70 €",,,,,,,,,,,,,,
14/01/2026,17:13:56,Coca Cola,Datáfono,"Aitana, Luca","2,50 €",,,,,,,,,,,,,,
14/01/2026,17:14:03,Coca Cola,Datáfono,"Aitana, Luca","1,20 €",,,,,,,,,,,,,,
14/01/2026,18:29:41,Cafe con leche pequeño,Datáfono,"Aitana, Luca","1,20 €",,,,,,,,,,,,,,
15/01/2026,9:04:52,Cafe con leche pequeño,Datáfono,"Mery, Álvaro","1,20 €",,,,,,,,,,,,,,
15/01/2026,9:06:05,Cafe con leche pequeño,Efectivo,"Mery, Álvaro","1,20 €",,,,,,,,,,,,,,
15/01/2026,9:06:24,Cafe con leche pequeño,Datáfono,"Mery, Álvaro","1,20 €",,,,,,,,,,,,,,
15/01/2026,9:22:06,Cafe con leche pequeño,Datáfono,"Mery, Álvaro","1,20 €",,,,,,,,,,,,,,
15/01/2026,10:04:35,Cafe con leche pequeño,Datáfono,"Mery, Álvaro","1,20 €",,,,,,,,,,,,,,
15/01/2026,10:05:16,Cafe con leche pequeño,Datáfono,"Mery, Álvaro","1,20 €",,,,,,,,,,,,,,
15/01/2026,10:05:25,Cafe con leche pequeño,Datáfono,"Mery, Álvaro","1,20 €",,,,,,,,,,,,,,
15/01/2026,12:09:21,Agua,Datáfono,"Mery, Álvaro","1,20 €",claudia se llevo una botella de agua de 1 euro,,,,,,,,,,,,,
15/01/2026,10:34:01,Cafe con leche pequeño,Datáfono,"Mery, Álvaro","1,20 €",,,,,,,,,,,,,,
15/01/2026,11:02:16,Sandwich pavo y queso,Efectivo,"Mery, Álvaro","1,20 €",,,,,,,,,,,,,,
15/01/2026,11:02:47,Tostada jamón,Efectivo,"Mery, Álvaro","1,20 €",,,,,,,,,,,,,,
15/01/2026,11:03:51,Cafe con leche pequeño,Efectivo,"Mery, Álvaro","1,20 €",,,,,,,,,,,,,,
15/01/2026,11:18:15,Cafe con leche pequeño,Datáfono,"Mery, Álvaro","1,20 €",,,,,,,,,,,,,,
15/01/2026,11:28:35,Cafe con leche pequeño,Datáfono,"Mery, Álvaro","1,00 €",,,,,,,,,,,,,,
15/01/2026,11:33:28,Cafe con leche pequeño,Datáfono,"Mery, Álvaro","1,20 €",,,,,,,,,,,,,,
15/01/2026,11:49:11,Cafe con leche pequeño,Efectivo,"Mery, Álvaro","2,50 €",,,,,,,,,,,,,,
15/01/2026,11:51:57,Sandwich pavo y queso,Efectivo,"Álvaro, Mery","2,50 €",,,,,,,,,,,,,,
15/01/2026,12:06:23,Cafe con leche pequeño,Datáfono,"Sofía, Adri","1,20 €",,,,,,,,,,,,,,
15/01/2026,12:06:25,Cafe con leche pequeño,Efectivo,"Sofía, Adri","1,20 €",,,,,,,,,,,,,,
15/01/2026,12:06:28,Cafe con leche pequeño,Efectivo,"Sofía, Adri","1,20 €",,,,,,,,,,,,,,
15/01/2026,12:06:33,Cafe con leche pequeño,Efectivo,"Sofía, Adri","1,20 €",,,,,,,,,,,,,,
15/01/2026,12:06:38,Croissant a la plancha,Datáfono,"Sofía, Adri","1,20 €",clau tiene q pasar el dinero cunaod haga el bizum,,,,,,,,,,,,,
15/01/2026,12:06:44,Croissant a la plancha,Efectivo,"Sofía, Adri","2,50 €",,,,,,,,,,,,,,
15/01/2026,12:25:48,Pincho tortilla,Datáfono,"Sofía, Adri","1,20 €",elias ,,,,,,,,,,,,,
15/01/2026,12:25:50,Pincho tortilla,Efectivo,"Sofía, Adri","1,20 €",,,,,,,,,,,,,,
15/01/2026,12:43:19,Cafe con leche pequeño,Efectivo,"Sofía, Adri","1,20 €",,,,,,,,,,,,,,
15/01/2026,12:43:20,Cafe con leche pequeño,Efectivo,"Sofía, Adri","1,20 €",,,,,,,,,,,,,,
15/01/2026,12:43:24,Cafe con leche pequeño,Efectivo,"Sofía, Adri","1,50 €",,,,,,,,,,,,,,
15/01/2026,14:01:11,Bocata lomo y queso,Datáfono,"Sofía, Adri","1,50 €",elias ,,,,,,,,,,,,,
15/01/2026,14:01:21,Agua,Datáfono,"Sofía, Adri","1,50 €",angel tiene q pagar,,,,,,,,,,,,,
15/01/2026,14:24:23,Gofre,Datáfono,"Sofía, Adri","1,50 €",,,,,,,,,,,,,,
15/01/2026,14:17:59,Pincho tortilla,Datáfono,"Sofía, Adri","1,20 €",,,,,,,,,,,,,,
15/01/2026,14:18:04,Pincho tortilla,Datáfono,"Sofía, Adri","1,20 €",,,,,,,,,,,,,,
15/01/2026,14:32:32,Bocata lomo y queso,Efectivo,"Sofía, Adri","1,20 €",,,,,,,,,,,,,,
15/01/2026,14:32:42,Coca Cola,Efectivo,"Sofía, Adri","4,00 €",,,,,,,,,,,,,,
,,Coca Cola,Datáfono,"Sofía, Adri","1,00 €",,,,,,,,,,,,,,
15/01/2026,14:40:04,Pincho tortilla,Datáfono,"Sofía, Adri","2,50 €",,,,,,,,,,,,,,
15/01/2026,14:40:11,Pincho tortilla,Datáfono,"Sofía, Adri","1,50 €",,,,,,,,,,,,,,
15/01/2026,14:48:50,Redbull sin azucar,Datáfono,,"1,50 €",red bull,,,,,,,,,,,,,
15/01/2026,15:30:06,Cafe sin lactosa pequeño,Efectivo,"Bakr, Villasante","4,00 €",,,,,,,,,,,,,,
15/01/2026,15:30:07,Cafe sin lactosa pequeño,Efectivo,"Bakr, Villasante","1,20 €",,,,,,,,,,,,,,
15/01/2026,15:31:15,Cafe con leche pequeño,Efectivo,"Bakr, Villasante","1,20 €",,,,,,,,,,,,,,
15/01/2026,15:52:56,Cafe con leche pequeño,Efectivo,"Kawtar, Bakr","1,50 €",,,,,,,,,,,,,,
15/01/2026,15:53:04,Cafe con leche pequeño,Datáfono,"Kawtar, Bakr","1,50 €",,,,,,,,,,,,,,
15/01/2026,15:53:08,Agua,Datáfono,"Kawtar, Bakr","1,70 €",,,,,,,,,,,,,,
15/01/2026,15:53:57,Huesitos,Datáfono,"Kawtar, Bakr","1,20 €","No tenemos huesitos en el catalogo pero se lo vendimos igual, solo a la directora y solo esta vez ",,,,,,,,,,,,,
15/01/2026,16:12:24,Cafe con leche pequeño,Efectivo,"Bakr, Kawtar","1,20 €",Se ha caído,,,,,,,,,,,,,
15/01/2026,17:08:07,Cerveza,Datáfono,"Bakr, Kawtar","1,20 €",,,,,,,,,,,,,,
15/01/2026,17:08:14,Cerveza,Datáfono,"Bakr, Kawtar","1,20 €",,,,,,,,,,,,,,
15/01/2026,17:55:13,Cafe con leche pequeño,Efectivo,"Bakr, Kawtar","1,20 €",,,,,,,,,,,,,,
16/01/2026,9:56:20,Cafe con leche pequeño,Datáfono,"Aitana, Claudia","1,00 €",,,,,,,,,,,,,,
16/01/2026,10:17:48,Cafe con leche pequeño,Efectivo,"Aitana, Claudia",,,,,,,,,,,,,,,
16/01/2026,10:30:05,Cafe con leche pequeño,Datáfono,"Aitana, Claudia","1,20 €",,,,,,,,,,,,,,
16/01/2026,10:39:06,Cafe con leche pequeño,Datáfono,"Aitana, Claudia","1,00 €",,,,,,,,,,,,,,
16/01/2026,10:39:30,Cafe con leche pequeño,Datáfono,"Aitana, Claudia","1,00 €",,,,,,,,,,,,,,
16/01/2026,11:49:06,Cerveza,Datáfono,"Aitana, Claudia","1,20 €",,,,,,,,,,,,,,
16/01/2026,11:49:24,Cafe sin lactosa pequeño,Datáfono,"Aitana, Claudia","1,20 €",,,,,,,,,,,,,,
16/01/2026,12:06:58,Bocata lomo y queso,Datáfono,"Aitana, Claudia","1,20 €",,,,,,,,,,,,,,
16/01/2026,12:07:10,Cafe sin lactosa pequeño,Datáfono,"Aitana, Claudia","1,20 €",,,,,,,,,,,,,,
16/01/2026,12:07:15,Cafe sin lactosa pequeño,Datáfono,"Aitana, Claudia","1,20 €",Luca?,,,,,,,,,,,,,
16/01/2026,12:07:25,Cafe con leche pequeño,Datáfono,"Aitana, Claudia","1,20 €",,,,,,,,,,,,,,
16/01/2026,12:59:13,Redbull blanco,Datáfono,"Aitana, Claudia","1,00 €",,,,,,,,,,,,,,
16/01/2026,13:10:34,Cafe con leche pequeño,,"Aitana, Claudia","1,20 €",,,,,,,,,,,,,,
16/01/2026,13:16:51,Cafe sin lactosa pequeño,Efectivo,"Aitana, Claudia","4,00 €",,,,,,,,,,,,,,
16/01/2026,13:10:43,Cafe con leche pequeño,Efectivo,"Aitana, Claudia","1,20 €",,,,,,,,,,,,,,
16/01/2026,13:10:48,Cafe sin lactosa pequeño,Efectivo,"Aitana, Claudia","1,20 €",,,,,,,,,,,,,,
16/01/2026,13:48:12,Coca Cola,Efectivo,"Aitana, Claudia","1,20 €",,,,,,,,,,,,,,
16/01/2026,14:05:26,Redbull naranja,Datáfono,"Aitana, Claudia","1,70 €",,,,,,,,,,,,,,
19/01/2026,9:25:56,Cafe con leche pequeño,Efectivo,"Claudia, Málaga","1,20 €",,,,,,,,,,,,,,
19/01/2026,9:33:27,Cafe con leche pequeño,Efectivo,"Claudia, Málaga","1,20 €",,,,,,,,,,,,,,
19/01/2026,9:50:17,Cafe con leche pequeño,Efectivo,"Claudia, Málaga","1,20 €",,,,,,,,,,,,,,
19/01/2026,10:05:48,Agua,Datáfono,"Claudia, Málaga","1,20 €",,,,,,,,,,,,,,
19/01/2026,10:12:29,Cafe con leche pequeño,Datáfono,"Claudia, Málaga","1,20 €",,,,,,,,,,,,,,
19/01/2026,10:12:33,Cafe con leche pequeño,Datáfono,"Claudia, Málaga","1,70 €",,,,,,,,,,,,,,
19/01/2026,10:16:41,Cafe sin lactosa pequeño,Datáfono,"Claudia, Málaga","1,20 €",,,,,,,,,,,,,,
19/01/2026,10:16:33,Cafe sin lactosa pequeño,Efectivo,"Claudia, Málaga","1,20 €",,,,,,,,,,,,,,
19/01/2026,10:12:38,Pincho tortilla,Datáfono,"Claudia, Málaga","1,20 €",,,,,,,,,,,,,,
19/01/2026,10:16:18,Agua,Datáfono,"Claudia, Málaga","1,00 €",,,,,,,,,,,,,,
19/01/2026,10:23:00,Cafe sin lactosa pequeño,Efectivo,"Claudia, Málaga","1,20 €",,,,,,,,,,,,,,
19/01/2026,10:24:41,Cafe con leche pequeño,Datáfono,"Claudia, Málaga","1,20 €",,,,,,,,,,,,,,
19/01/2026,10:33:23,Tostada tomate y aceite,Datáfono,"Claudia, Málaga","1,20 €",,,,,,,,,,,,,,
19/01/2026,10:51:39,Cafe sin lactosa pequeño,Datáfono,"Claudia, Málaga","1,20 €",,,,,,,,,,,,,,
19/01/2026,10:52:24,ColaCao,Datáfono,"Claudia, Málaga","1,50 €",,,,,,,,,,,,,,
19/01/2026,11:45:17,Cafe sin lactosa pequeño,Datáfono,"Claudia, Málaga","1,00 €",,,,,,,,,,,,,,
19/01/2026,11:52:45,Cafe solo pequeño,Efectivo,"Claudia, Málaga","1,20 €",,,,,,,,,,,,,,
19/01/2026,11:52:51,Cafe con leche pequeño,Efectivo,"Claudia, Málaga","1,20 €",,,,,,,,,,,,,,
19/01/2026,12:15:46,Cafe con leche pequeño,Datáfono,"Claudia, Málaga","2,00 €",,,,,,,,,,,,,,
19/01/2026,12:21:53,Cafe con leche pequeño,Efectivo,"Claudia, Málaga","1,20 €",,,,,,,,,,,,,,
19/01/2026,12:22:02,Bocata tortilla,Datáfono,"Claudia, Málaga","1,20 €",,,,,,,,,,,,,,
19/01/2026,12:22:08,Coca Cola Zero,Datáfono,"Claudia, Málaga","1,20 €",,,,,,,,,,,,,,
19/01/2026,12:28:40,Cafe con leche pequeño,Efectivo,"Claudia, Málaga","1,20 €",,,,,,,,,,,,,,
19/01/2026,12:28:48,Agua,Efectivo,"Claudia, Málaga","1,20 €",,,,,,,,,,,,,,
19/01/2026,12:41:27,Cafe con leche pequeño,Datáfono,"Claudia, Málaga","1,20 €",,,,,,,,,,,,,,
19/01/2026,12:52:54,Cafe con leche pequeño,Efectivo,"Canario, Jose G","1,20 €",,,,,,,,,,,,,,
19/01/2026,13:33:45,ColaCao,Efectivo,"Jose G, Canario","4,00 €",,,,,,,,,,,,,,
19/01/2026,13:34:05,Pincho tortilla,Efectivo,"Jose G, Canario","1,20 €",,,,,,,,,,,,,,
19/01/2026,13:34:15,Sandwich pavo y queso,Efectivo,"Jose G, Canario","1,20 €",,,,,,,,,,,,,,
19/01/2026,13:37:06,Bocata lomo y queso,Datáfono,"Jose G, Canario","1,00 €",,,,,,,,,,,,,,
19/01/2026,13:45:58,Cafe con leche pequeño,Datáfono,"Jose G, Canario","1,20 €",,,,,,,,,,,,,,
19/01/2026,13:48:04,Cafe solo pequeño,Efectivo,"Jose G, Canario","1,20 €",Nos ha dado 30 centimos de gratis,,,,,,,,,,,,,
19/01/2026,14:01:10,Bocata lomo y queso,Datáfono,"Jose G, Canario","1,20 €",,,,,,,,,,,,,,
19/01/2026,14:04:32,Coca Cola,Datáfono,"Jose G, Canario","1,50 €",,,,,,,,,,,,,,
19/01/2026,14:56:23,Agua,Datáfono,"Jose G, Canario","2,50 €",,,,,,,,,,,,,,
19/01/2026,15:27:13,Cafe con leche pequeño,Datáfono,"Jose G, Canario","4,00 €",,,,,,,,,,,,,,
19/01/2026,16:04:08,Bocata lomo y queso,Datáfono,"Jose G, Canario","1,20 €",,,,,,,,,,,,,,
19/01/2026,16:04:19,Coca Cola Zero,Datáfono,"Jose G, Canario","1,20 €",,,,,,,,,,,,,,
19/01/2026,16:12:40,Cafe con leche pequeño,Datáfono,"Jose G, Canario","4,00 €",,,,,,,,,,,,,,
19/01/2026,16:17:37,Coca Cola,Datáfono,"Jose G, Canario","1,20 €",,,,,,,,,,,,,,
19/01/2026,16:18:38,Sandwich pavo y queso,Efectivo,"Jose G, Canario","1,00 €",,,,,,,,,,,,,,
19/01/2026,16:32:31,Redbull blanco,Datáfono,"Jose G, Canario","1,20 €",,,,,,,,,,,,,,
19/01/2026,17:04:41,Cafe con leche pequeño,Datáfono,"Jose G, Canario","4,00 €",,,,,,,,,,,,,,
19/01/2026,17:30:55,Cafe con leche pequeño,Datáfono,"Jose G, Canario","1,20 €","Era un té, que no está puesto",,,,,,,,,,,,,
20/01/2026,9:03:40,Cafe sin lactosa pequeño,Efectivo,"Sofía, Villasante","1,20 €",Tiene que pagar Luca un cafe,,,,,,,,,,,,,
20/01/2026,9:05:09,Tostada tomate y aceite,Datáfono,"Sofía, Villasante","1,20 €",,,,,,,,,,,,,,
20/01/2026,9:06:09,Cafe sin lactosa pequeño,Datáfono,"Sofía, Villasante","2,50 €",,,,,,,,,,,,,,
20/01/2026,9:23:56,Cafe con leche pequeño,Efectivo,"Villasante, Sofía","1,70 €",,,,,,,,,,,,,,
20/01/2026,9:27:43,Cafe con leche pequeño,Efectivo,"Sofía, Villasante","1,20 €",,,,,,,,,,,,,,
20/01/2026,9:37:51,Cafe sin lactosa pequeño,Datáfono,"Sofía, Villasante","1,20 €",,,,,,,,,,,,,,
20/01/2026,10:50:24,Cafe con leche pequeño,Datáfono,"Sofía, Villasante","1,20 €",,,,,,,,,,,,,,
20/01/2026,10:50:26,Cafe sin lactosa pequeño,Efectivo,"Sofía, Villasante","2,00 €",,,,,,,,,,,,,,
20/01/2026,11:06:55,Cafe con leche pequeño,Datáfono,"Sofía, Villasante","1,20 €",,,,,,,,,,,,,,
20/01/2026,11:07:11,Sandwich pavo y queso,Datáfono,"Sofía, Villasante","1,20 €",,,,,,,,,,,,,,
20/01/2026,11:34:32,Sandwich pavo y queso,Efectivo,"Sofía, Villasante","1,20 €",,,,,,,,,,,,,,
20/01/2026,12:29:20,Pincho tortilla,Efectivo,"Mery, Álvaro","1,20 €",,,,,,,,,,,,,,
20/01/2026,12:29:23,Pincho tortilla,Efectivo,"Mery, Álvaro","1,20 €",,,,,,,,,,,,,,
20/01/2026,12:29:26,Pincho tortilla,Datáfono,"Mery, Álvaro","1,20 €",,,,,,,,,,,,,,
20/01/2026,12:30:59,Tostada jamón,Datáfono,"Mery, Álvaro","1,20 €",,,,,,,,,,,,,,
20/01/2026,12:31:04,Tostada jamón,Datáfono,"Mery, Álvaro","2,50 €",,,,,,,,,,,,,,
20/01/2026,12:32:21,Cafe con leche pequeño,Efectivo,"Mery, Álvaro","2,50 €",,,,,,,,,,,,,,
20/01/2026,12:32:30,Cafe con leche pequeño,Datáfono,"Mery, Álvaro","1,50 €",,,,,,,,,,,,,,
20/01/2026,12:32:34,Cafe con leche pequeño,Datáfono,"Mery, Álvaro","1,50 €",,,,,,,,,,,,,,
20/01/2026,12:32:59,Bocata lomo y queso,Datáfono,"Mery, Álvaro","1,50 €",,,,,,,,,,,,,,
20/01/2026,12:34:38,Sandwich pavo y queso,Datáfono,"Mery, Álvaro","2,50 €",,,,,,,,,,,,,,
20/01/2026,12:35:16,Cafe con leche pequeño,Datáfono,"Mery, Álvaro","2,50 €",,,,,,,,,,,,,,
20/01/2026,12:35:25,Cafe con leche pequeño,Efectivo,"Mery, Álvaro","1,20 €",,,,,,,,,,,,,,
20/01/2026,12:46:27,Sandwich pavo y queso,Datáfono,"Mery, Álvaro","1,20 €",,,,,,,,,,,,,,
20/01/2026,12:53:07,Croissant pavo y queso,Datáfono,"Mery, Álvaro","1,20 €",Tienen que hacerle bizum a luna,,,,,,,,,,,,,
20/01/2026,12:58:41,Redbull blanco,Datáfono,"Mery, Álvaro","4,00 €",,,,,,,,,,,,,,
20/01/2026,13:03:54,Agua,Datáfono,"Mery, Álvaro","2,50 €",,,,,,,,,,,,,,
20/01/2026,13:07:12,Bocata lomo y queso,Datáfono,"Mery, Álvaro","1,20 €",,,,,,,,,,,,,,
20/01/2026,14:13:07,Sandwich pavo y queso,Datáfono,"Mery, Álvaro","1,20 €",,,,,,,,,,,,,,
20/01/2026,14:13:20,Redbull sin azucar,Datáfono,"Mery, Álvaro","2,50 €",,,,,,,,,,,,,,
20/01/2026,14:13:46,Cafe con leche pequeño,Datáfono,"Mery, Álvaro","2,50 €",,,,,,,,,,,,,,
20/01/2026,14:23:54,Cafe con leche pequeño,Datáfono,"Mery, Álvaro","1,70 €",,,,,,,,,,,,,,
20/01/2026,14:23:59,Cafe con leche pequeño,Datáfono,"Mery, Álvaro","1,00 €",,,,,,,,,,,,,,
20/01/2026,14:24:12,Cafe con leche pequeño,Datáfono,"Mery, Álvaro","4,00 €",,,,,,,,,,,,,,
20/01/2026,14:28:51,Cafe con leche pequeño,Datáfono,"Mery, Álvaro","2,50 €",,,,,,,,,,,,,,
20/01/2026,14:28:58,Cafe con leche pequeño,Datáfono,"Mery, Álvaro","1,70 €",,,,,,,,,,,,,,
20/01/2026,14:39:13,Cafe con leche pequeño,Datáfono,"Mery, Álvaro","1,20 €",,,,,,,,,,,,,,
20/01/2026,14:40:46,Cafe con leche pequeño,Datáfono,"Mery, Álvaro","1,20 €",,,,,,,,,,,,,,
20/01/2026,14:52:06,Coca Cola,Datáfono,"Mery, Álvaro","1,20 €",,,,,,,,,,,,,,
20/01/2026,15:04:44,Bocata lomo y queso,Datáfono,"Mery, Álvaro","1,20 €",,,,,,,,,,,,,,
20/01/2026,15:04:52,Coca Cola,Efectivo,"Mery, Álvaro","1,20 €",,,,,,,,,,,,,,
20/01/2026,15:04:53,Coca Cola,Efectivo,"Mery, Álvaro","1,20 €",,,,,,,,,,,,,,
20/01/2026,15:11:33,Redbull naranja,Datáfono,"Mery, Álvaro","1,20 €",,,,,,,,,,,,,,
,,,,"Elías, Aitana","1,20 €",,,,,,,,,,,,,,
20/01/2026,15:30:54,Bocata lomo y queso,Datáfono,"Elías, Aitana","1,20 €",,,,,,,,,,,,,,
20/01/2026,15:34:51,Cafe con leche pequeño,Datáfono,"Elías, Aitana","4,00 €",,,,,,,,,,,,,,
20/01/2026,16:16:27,Cafe con leche pequeño,Datáfono,"Elías, Aitana","1,20 €",,,,,,,,,,,,,,
20/01/2026,16:16:47,Cafe con leche pequeño,Datáfono,"Elías, Aitana","1,20 €",,,,,,,,,,,,,,
21/01/2026,9:21:22,Cafe con leche pequeño,Datáfono,"Luca, Piti Piti","1,70 €",,,,,,,,,,,,,,
21/01/2026,10:03:55,Cafe con leche pequeño,Efectivo,"Luca, Piti Piti",,,,,,,,,,,,,,,
21/01/2026,10:04:10,Tostada tomate y aceite,Efectivo,"Luca, Piti Piti","4,00 €",,,,,,,,,,,,,,
21/01/2026,10:20:35,Cafe con leche pequeño,Datáfono,"Luca, Piti Piti","1,20 €",,,,,,,,,,,,,,
21/01/2026,11:13:45,Sandwich pavo y queso,Datáfono,"Luca, Piti Piti","1,20 €",,,,,,,,,,,,,,
21/01/2026,11:13:58,Cafe con leche pequeño,Datáfono,"Luca, Piti Piti","1,20 €",,,,,,,,,,,,,,
21/01/2026,11:13:58,Cafe con leche pequeño,Efectivo,"Luca, Piti Piti","1,20 €",,,,,,,,,,,,,,
21/01/2026,11:14:19,Croissant pavo y queso,Efectivo,"Luca, Piti Piti","1,20 €",,,,,,,,,,,,,,
21/01/2026,11:22:42,Cafe con leche pequeño,Datáfono,"Luca, Piti Piti","2,00 €",,,,,,,,,,,,,,
21/01/2026,11:23:40,Agua,Datáfono,"Luca, Piti Piti","1,20 €",,,,,,,,,,,,,,
21/01/2026,11:38:45,Agua,Datáfono,"Luca, Piti Piti","2,50 €",,,,,,,,,,,,,,
21/01/2026,12:08:18,Cafe con leche pequeño,Datáfono,"Luca, Piti Piti","1,20 €",,,,,,,,,,,,,,
21/01/2026,12:08:18,Cafe con leche pequeño,Datáfono,"Luca, Piti Piti","1,20 €",,,,,,,,,,,,,,
21/01/2026,12:08:28,Cafe con leche pequeño,Datáfono,"Luca, Piti Piti","2,50 €",,,,,,,,,,,,,,
21/01/2026,12:08:34,Cafe con leche pequeño,Datáfono,"Luca, Piti Piti","1,20 €",,,,,,,,,,,,,,
21/01/2026,12:08:49,Bocata lomo y queso,Efectivo,"Luca, Piti Piti","1,00 €",,,,,,,,,,,,,,
21/01/2026,12:26:03,Cafe sin lactosa pequeño,Datáfono,"Luca, Piti Piti","1,00 €",,,,,,,,,,,,,,
21/01/2026,12:26:11,Sandwich pavo y queso,Datáfono,"Luca, Piti Piti","1,20 €",,,,,,,,,,,,,,
21/01/2026,12:37:15,Gofre,Datáfono,"Luca, Piti Piti","1,20 €",,,,,,,,,,,,,,
21/01/2026,13:15:58,Cafe con leche pequeño,Datáfono,"Ángel, Adri","1,20 €",,,,,,,,,,,,,,
21/01/2026,13:27:33,Cafe con leche pequeño,Efectivo,"Ángel, Adri","1,20 €",,,,,,,,,,,,,,
21/01/2026,13:51:32,Cafe con leche pequeño,Datáfono,"Ángel, Adri","4,00 €",solo cafe para zentio porque traian vaso suyo apra prueba,,,,,,,,,,,,,
21/01/2026,13:59:50,Agua,Datáfono,"Ángel, Adri","1,20 €",,,,,,,,,,,,,,
21/01/2026,14:31:42,Bocata lomo y queso,Datáfono,"Ángel, Adri","2,50 €",,,,,,,,,,,,,,
21/01/2026,14:31:49,Gofre,Datáfono,"Ángel, Adri","2,50 €",,,,,,,,,,,,,,
21/01/2026,14:37:58,Bocata lomo y queso,Datáfono,"Ángel, Adri","1,20 €",,,,,,,,,,,,,,
21/01/2026,14:38:08,Cafe con leche pequeño,Datáfono,"Ángel, Adri","1,20 €",,,,,,,,,,,,,,
21/01/2026,14:43:57,Cafe con leche pequeño,Datáfono,"Ángel, Adri","1,20 €",,,,,,,,,,,,,,
21/01/2026,15:06:44,Cafe con leche pequeño,Datáfono,"Ángel, Adri","1,00 €",,,,,,,,,,,,,,
21/01/2026,15:06:49,Cafe con leche pequeño,Datáfono,"Ángel, Adri","4,00 €",,,,,,,,,,,,,,
21/01/2026,15:07:13,Cafe sin lactosa pequeño,Datáfono,"Ángel, Adri","2,50 €",,,,,,,,,,,,,,
21/01/2026,15:11:53,Cafe con leche grande,Efectivo,"Ángel, Adri","4,00 €",,,,,,,,,,,,,,
21/01/2026,15:58:20,Cafe con leche grande,Datáfono,"Ángel, Adri","1,20 €",,,,,,,,,,,,,,
21/01/2026,,Cafe con leche grande,Datáfono,"Ángel, Adri","1,20 €",,,,,,,,,,,,,,
21/01/2026,16:05:10,Cafe con leche grande,Datáfono,"Ángel, Adri","1,20 €",,,,,,,,,,,,,,
21/01/2026,16:39:38,Cafe con leche grande,Efectivo,"Ángel, Adri","1,20 €",vaso grande,,,,,,,,,,,,,
21/01/2026,8:13:33,Cerveza,Datáfono,"Ángel, Adri","1,20 €",,,,,,,,,,,,,,
21/01/2026,8:13:46,Cerveza,Datáfono,"Ángel, Adri","1,50 €",,,,,,,,,,,,,,
22/01/2026,9:06:22,Cafe con leche grande,Cafe con leche grande,"Mery, Álvaro","1,50 €",,,,,,,,,,,,,,
22/01/2026,9:02:06,Redbull blanco,Efectivo,"Mery, Álvaro","1,50 €",,,,,,,,,,,,,,
22/01/2026,9:58:56,Sandwich pavo y queso,Datáfono,"Mery, Álvaro","1,50 €",,,,,,,,,,,,,,
22/01/2026,9:58:56,Sandwich pavo y queso,Datáfono,"Mery, Álvaro","1,50 €",,,,,,,,,,,,,,
22/01/2026,9:59:11,Cafe con leche grande,Datáfono,"Mery, Álvaro","1,00 €",,,,,,,,,,,,,,
22/01/2026,10:00:36,Cafe con leche grande,Datáfono,"Mery, Álvaro","1,00 €",,,,,,,,,,,,,,
22/01/2026,17:12:01,Cafe con leche pequeño,Datáfono,"Mery, Álvaro","1,50 €",,,,,,,,,,,,,,
22/01/2026,16:49:35,Cafe con leche grande,Datáfono,"Mery, Álvaro","1,70 €",,,,,,,,,,,,,,
22/01/2026,10:01:40,Cafe con leche pequeño,Datáfono,"Mery, Álvaro","2,50 €",,,,,,,,,,,,,,
22/01/2026,10:01:47,Cafe con leche pequeño,Datáfono,"Álvaro, Mery","2,50 €",,,,,,,,,,,,,,
22/01/2026,10:01:50,Cafe con leche pequeño,Datáfono,"Álvaro, Mery","1,50 €",,,,,,,,,,,,,,
22/01/2026,15:10:20,Cafe con leche pequeño,Datáfono,"Bakr, Abrey","1,50 €",,,,,,,,,,,,,,
22/01/2026,15:10:54,Sandwich pavo y queso,Datáfono,"Bakr, Abrey","1,20 €",,,,,,,,,,,,,,
22/01/2026,10:13:22,Coca Cola,Datáfono,"Mery, Álvaro","1,50 €",,,,,,,,,,,,,,
22/01/2026,10:45:01,Redbull sin azucar,Datáfono,"Mery, Álvaro","1,20 €",,,,,,,,,,,,,,
22/01/2026,12:00:09,Redbull naranja,Datáfono,"Mery, Álvaro","1,20 €",,,,,,,,,,,,,,
22/01/2026,11:58:09,Gofre,Datáfono,"Álvaro, Mery","1,20 €",,,,,,,,,,,,,,
22/01/2026,11:58:37,Croissant pavo y queso,Datáfono,"Mery, Álvaro","1,20 €",,,,,,,,,,,,,,
22/01/2026,16:49:07,Cafe con leche grande,Datáfono,"Mery, Álvaro","2,50 €",,,,,,,,,,,,,,
22/01/2026,12:10:17,Redbull sin azucar,Datáfono,"Abrey, Canario","1,20 €",,,,,,,,,,,,,,
22/01/2026,12:10:43,Pincho tortilla,Datáfono,"Abrey, Canario","1,70 €",,,,,,,,,,,,,,
22/01/2026,13:06:19,Pincho tortilla,Datáfono,"Abrey, Canario","1,70 €",,,,,,,,,,,,,,
22/01/2026,13:10:25,Pincho tortilla,Datáfono,"Abrey, Canario","2,50 €",,,,,,,,,,,,,,
22/01/2026,13:45:37,Bocata lomo y queso,Datáfono,"Abrey, Canario","2,50 €",,,,,,,,,,,,,,
22/01/2026,16:48:20,Cafe con leche grande,Datáfono,"Abrey, Canario","1,50 €",,,,,,,,,,,,,,
22/01/2026,14:18:35,Sandwich pavo y queso,Efectivo,"Abrey, Bakr","1,70 €",lo ha pedido con solo queso,,,,,,,,,,,,,
22/01/2026,14:19:21,Cafe con leche pequeño,Datáfono,"Abrey, Bakr","1,50 €",,,,,,,,,,,,,,
22/01/2026,14:21:46,Coca Cola Zero,Datáfono,"Abrey, Bakr","1,50 €",,,,,,,,,,,,,,
22/01/2026,14:22:49,Sandwich pavo y queso,Efectivo,"Abrey, Bakr","1,50 €",KIKE me pago mitad y mitad,,,,,,,,,,,,,
22/01/2026,14:23:43,Sandwich pavo y queso,Datáfono,"Abrey, Bakr","4,00 €",,,,,,,,,,,,,,
22/01/2026,14:26:43,Coca Cola,Datáfono,"Abrey, Bakr","1,50 €",,,,,,,,,,,,,,
22/01/2026,14:56:06,Coca Cola,Datáfono,"Abrey, Bakr","2,50 €",,,,,,,,,,,,,,
22/01/2026,15:12:29,tenedor,Datáfono,"Bakr, Abrey","1,20 €",,,,,,,,,,,,,,
22/01/2026,15:12:55,Sandwich pavo y queso,Datáfono,"Bakr, Abrey","1,20 €",,,,,,,,,,,,,,
22/01/2026,15:14:02,Tostada tomate y aceite,Datáfono,"Bakr, Abrey","2,50 €",,,,,,,,,,,,,,
22/01/2026,15:18:11,Sandwich pavo y queso,Datáfono,"Bakr, Abrey","2,50 €",,,,,,,,,,,,,,
22/01/2026,16:47:27,Cafe con leche grande,Datáfono,"Kawtar, Lastra","1,20 €",,,,,,,,,,,,,,
22/01/2026,15:44:43,Coca Cola,Datáfono,"Kawtar, Lastra","1,20 €","He cobrado 1,7€ sin querer",,,,,,,,,,,,,
22/01/2026,16:00:17,Cafe con leche pequeño,Datáfono,"Kawtar, Lastra","0,20 €",,,,,,,,,,,,,,
22/01/2026,16:00:17,Cafe con leche pequeño,Datáfono,"Kawtar, Lastra","2,50 €",,,,,,,,,,,,,,
22/01/2026,16:47:03,Cafe sin lactosa grande,Datáfono,"Kawtar, Lastra","2,00 €",,,,,,,,,,,,,,
22/01/2026,16:49:38,Coca Cola Zero,Efectivo,"Kawtar, Lastra","2,50 €",,,,,,,,,,,,,,
22/01/2026,16:49:47,Cafe con leche grande,Efectivo,"Kawtar, Lastra","1,50 €",,,,,,,,,,,,,,
22/01/2026,16:49:47,Cafe con leche grande,Efectivo,"Kawtar, Lastra","1,20 €",,,,,,,,,,,,,,
22/01/2026,16:52:28,Croissant a la plancha,Efectivo,"Kawtar, Lastra","1,20 €",,,,,,,,,,,,,,
22/01/2026,17:43:57,Cerveza,Datáfono,"Kawtar, Lastra","1,20 €",,,,,,,,,,,,,,
23/01/2026,9:02:11,Cafe con leche grande,Datáfono,"Claudia, Aitana","1,50 €",,,,,,,,,,,,,,
23/01/2026,9:02:16,Cafe con leche grande,Datáfono,"Claudia, Aitana","1,20 €",,,,,,,,,,,,,,
23/01/2026,9:10:19,Sandwich pavo y queso,Datáfono,"Claudia, Aitana","1,50 €",,,,,,,,,,,,,,
23/01/2026,9:10:30,Cafe con leche pequeño,Datáfono,"Claudia, Aitana","1,50 €",,,,,,,,,,,,,,
23/01/2026,9:10:28,Agua,Datáfono,"Claudia, Aitana","1,50 €",,,,,,,,,,,,,,
23/01/2026,9:32:43,Cafe sin lactosa grande,Efectivo,"Claudia, Aitana","1,00 €",Aitana,,,,,,,,,,,,,
23/01/2026,9:29:18,Cafe con leche grande,Datáfono,"Claudia, Aitana","1,50 €",,,,,,,,,,,,,,
23/01/2026,9:29:22,Cafe con leche pequeño,Efectivo,"Claudia, Aitana","1,50 €",,,,,,,,,,,,,,
23/01/2026,9:32:19,Cafe solo grande,Datáfono,"Claudia, Aitana","2,50 €",,,,,,,,,,,,,,
23/01/2026,9:58:40,Cafe con leche grande,Datáfono,"Claudia, Aitana","1,20 €",,,,,,,,,,,,,,
23/01/2026,10:03:20,Agua,Datáfono,"Claudia, Aitana","1,00 €",,,,,,,,,,,,,,
23/01/2026,10:28:29,Cafe con leche grande,Datáfono,"Claudia, Aitana","1,50 €",,,,,,,,,,,,,,
23/01/2026,10:34:40,Cafe con leche pequeño,Datáfono,"Claudia, Aitana","1,50 €",,,,,,,,,,,,,,
23/01/2026,10:35:08,Cafe solo pequeño,Efectivo,"Claudia, Aitana","1,20 €",,,,,,,,,,,,,,
23/01/2026,11:08:19,Sandwich pavo y queso,Datáfono,"Claudia, Aitana","1,50 €",,,,,,,,,,,,,,
23/01/2026,11:25:46,Cafe con leche grande,Datáfono,"Claudia, Aitana","1,50 €",,,,,,,,,,,,,,
23/01/2026,11:25:56,Cafe con leche grande,Datáfono,"Claudia, Aitana","1,00 €",,,,,,,,,,,,,,
23/01/2026,11:28:53,Cafe con leche grande,Datáfono,"Claudia, Aitana","1,50 €",,,,,,,,,,,,,,
23/01/2026,11:38:39,Cafe con leche pequeño,Datáfono,"Claudia, Aitana","1,20 €",,,,,,,,,,,,,,
23/01/2026,11:39:37,Agua,Datáfono,"Claudia, Aitana","1,20 €",,,,,,,,,,,,,,
23/01/2026,11:42:43,Cafe sin lactosa grande,Datáfono,"Claudia, Aitana","2,50 €",,,,,,,,,,,,,,
23/01/2026,11:52:36,Sandwich pavo y queso,Datáfono,"Claudia, Aitana","1,50 €",,,,,,,,,,,,,,
23/01/2026,11:52:40,Redbull sin azucar,Datáfono,"Claudia, Aitana","1,50 €",,,,,,,,,,,,,,
23/01/2026,11:57:41,Sandwich pavo y queso,Datáfono,"Claudia, Aitana","1,50 €",,,,,,,,,,,,,,
23/01/2026,12:19:47,Cafe con leche grande,Datáfono,"Claudia, Aitana","1,20 €",,,,,,,,,,,,,,
23/01/2026,12:19:52,Cafe con leche grande,Datáfono,"Claudia, Aitana","1,00 €",,,,,,,,,,,,,,
23/01/2026,12:19:58,Cafe sin lactosa grande,Datáfono,"Claudia, Aitana","1,50 €",,,,,,,,,,,,,,
23/01/2026,12:20:09,Sandwich pavo y queso,Datáfono,"Claudia, Aitana","2,50 €",,,,,,,,,,,,,,
23/01/2026,12:20:12,Sandwich pavo y queso,Datáfono,"Claudia, Aitana","1,70 €",,,,,,,,,,,,,,
23/01/2026,12:29:03,Sandwich pavo y queso,Datáfono,"Claudia, Aitana","2,50 €",,,,,,,,,,,,,,
23/01/2026,13:12:00,Bocata tortilla,Efectivo,"Claudia, Aitana","1,50 €",,,,,,,,,,,,,,
23/01/2026,13:15:24,Sandwich pavo y queso,Datáfono,"Claudia, Aitana","1,50 €",,,,,,,,,,,,,,
23/01/2026,13:17:16,Coca Cola,Datáfono,"Claudia, Aitana","1,50 €",,,,,,,,,,,,,,
23/01/2026,13:19:52,Sandwich pavo y queso,Datáfono,"Claudia, Aitana","2,50 €",,,,,,,,,,,,,,
23/01/2026,13:28:32,Tostada mantequilla y mermelada,Datáfono,"Claudia, Aitana","2,50 €",,,,,,,,,,,,,,
23/01/2026,13:29:47,ColaCao,Efectivo,"Claudia, Aitana","2,50 €",,,,,,,,,,,,,,
23/01/2026,15:13:44,Coca Cola,Datáfono,"Claudia, Aitana","4,00 €",,,,,,,,,,,,,,
23/01/2026,15:30:04,Agua,,,"2,50 €",,,,,,,,,,,,,,
26/01/2026,9:10:40,Redbull sin azucar,Datáfono,"Vittorio, Kawtar","1,20 €",,,,,,,,,,,,,,
26/01/2026,9:26:44,Cafe con leche grande,Datáfono,"Vittorio, Kawtar","2,50 €",,,,,,,,,,,,,,
26/01/2026,9:36:42,Cafe con leche pequeño,Efectivo,"Vittorio, Kawtar",,,,,,,,,,,,,,,
26/01/2026,9:36:55,Cafe con leche pequeño,Datáfono,"Vittorio, Kawtar","1,20 €",,,,,,,,,,,,,,
26/01/2026,9:48:36,Redbull sin azucar,Datáfono,"Vittorio, Kawtar","1,20 €",,,,,,,,,,,,,,
26/01/2026,10:16:57,Cafe con leche grande,Datáfono,Vittorio,"1,00 €",,,,,,,,,,,,,,
26/01/2026,10:33:48,Tostada mantequilla y mermelada,Datáfono,"Vittorio, Canario","1,70 €",,,,,,,,,,,,,,
26/01/2026,10:45:52,Tostada tomate y aceite,Datáfono,"Vittorio, Canario","1,50 €",,,,,,,,,,,,,,
26/01/2026,10:45:56,Tostada tomate y aceite,Datáfono,"Vittorio, Canario","1,20 €",,,,,,,,,,,,,,
26/01/2026,10:54:44,Agua,Datáfono,"Vittorio, Canario","1,20 €",,,,,,,,,,,,,,
26/01/2026,11:30:45,ColaCao,Datáfono,"Vittorio, Canario","1,70 €",,,,,,,,,,,,,,
26/01/2026,11:31:14,Sandwich pavo y queso,Datáfono,"Vittorio, Canario","1,50 €",,,,,,,,,,,,,,
26/01/2026,11:43:46,Sandwich pavo y queso,Datáfono,"Vittorio, Canario",,,,,,,,,,,,,,,
26/01/2026,11:43:49,Sandwich pavo y queso,Efectivo,"Vittorio, Canario","2,00 €",,,,,,,,,,,,,,
26/01/2026,11:43:50,Sandwich pavo y queso,Datáfono,"Vittorio, Canario","2,00 €",,,,,,,,,,,,,,
26/01/2026,11:48:29,Pincho tortilla,Datáfono,"Vittorio, Canario","1,00 €",,,,,,,,,,,,,,
26/01/2026,11:48:32,Pincho tortilla,Datáfono,"Vittorio, Canario","1,20 €",,,,,,,,,,,,,,
26/01/2026,11:48:54,Cafe con leche pequeño,Datáfono,"Vittorio, Canario","2,50 €",,,,,,,,,,,,,,
26/01/2026,11:48:55,Cafe con leche pequeño,Datáfono,"Vittorio, Canario","2,50 €",,,,,,,,,,,,,,
26/01/2026,11:49:19,Sandwich pavo y queso,Datáfono,"Vittorio, Canario","2,50 €",,,,,,,,,,,,,,
26/01/2026,12:11:14,Sandwich pavo y queso,Efectivo,"Vittorio, Canario","2,50 €",,,,,,,,,,,,,,
26/01/2026,12:11:49,Sandwich pavo y queso,Datáfono,"Vittorio, Canario","1,50 €",,,,,,,,,,,,,,
26/01/2026,12:33:07,Cafe con leche grande,Efectivo,"Vittorio, Canario","1,50 €",,,,,,,,,,,,,,
26/01/2026,12:33:22,Cafe con leche pequeño,Datáfono,"Vittorio, Canario","1,20 €",,,,,,,,,,,,,,
26/01/2026,12:34:55,Cafe americano pequeño,Datáfono,"Vittorio, Canario","1,20 €",,,,,,,,,,,,,,
26/01/2026,12:45:01,Cafe con leche pequeño,Datáfono,"Vittorio, Canario","2,50 €",,,,,,,,,,,,,,
26/01/2026,12:45:03,Cafe con leche pequeño,Datáfono,"Vittorio, Canario","2,50 €",,,,,,,,,,,,,,
26/01/2026,12:45:15,Sandwich pavo y queso,Datáfono,"Vittorio, Canario","2,50 €",,,,,,,,,,,,,,
26/01/2026,12:50:24,Agua,Efectivo,"Vittorio, Canario","1,50 €",,,,,,,,,,,,,,
26/01/2026,13:10:46,Cafe con leche pequeño,Datáfono,"Bakr, Luca","1,20 €",,,,,,,,,,,,,,
26/01/2026,13:10:49,Cafe con leche pequeño,Datáfono,"Bakr, Luca","1,20 €",,,,,,,,,,,,,,
26/01/2026,13:45:17,Coca Cola Zero,Efectivo,"Málaga, Bakr","1,20 €",,,,,,,,,,,,,,
26/01/2026,13:46:04,Tostada tomate y aceite,Efectivo,"Málaga, Bakr","1,20 €",,,,,,,,,,,,,,
26/01/2026,13:46:17,Pincho tortilla,Datáfono,"Málaga, Bakr","2,50 €",,,,,,,,,,,,,,
26/01/2026,13:51:27,Pincho tortilla,Efectivo,"Málaga, Bakr","1,00 €",,,,,,,,,,,,,,
26/01/2026,14:21:56,Cafe sin lactosa grande,Datáfono,"Málaga, Bakr","1,20 €",,,,,,,,,,,,,,
26/01/2026,14:24:00,Coca Cola,Datáfono,"Málaga, Bakr","1,20 €",Con un vaso grande,,,,,,,,,,,,,
26/01/2026,15:06:56,Cafe sin lactosa grande,Datáfono,"Málaga, Bakr","1,20 €",,,,,,,,,,,,,,
26/01/2026,15:57:32,Cafe con leche grande,Datáfono,"Málaga, Bakr","2,00 €",,,,,,,,,,,,,,
26/01/2026,16:51:08,Cafe con leche pequeño,Datáfono,"Málaga, Bakr","1,50 €",,,,,,,,,,,,,,
27/01/2026,9:05:03,Cafe con leche pequeño,Datáfono,"Aitana, Villasante","1,50 €",,,,,,,,,,,,,,
27/01/2026,9:05:19,Agua,Datáfono,"Aitana, Villasante","1,50 €",,,,,,,,,,,,,,
27/01/2026,9:29:15,Cafe sin lactosa grande,Efectivo,"Aitana, Villasante","1,20 €",,,,,,,,,,,,,,
27/01/2026,9:34:35,Cafe sin lactosa grande,Datáfono,"Aitana, Villasante","1,50 €",,,,,,,,,,,,,,
27/01/2026,9:34:43,Cafe con leche grande,Efectivo,"Aitana, Villasante","1,50 €",,,,,,,,,,,,,,
27/01/2026,9:36:49,Cafe sin lactosa grande,Datáfono,"Villasante, Aitana","1,20 €",,,,,,,,,,,,,,
27/01/2026,9:57:46,Cafe con leche grande,Datáfono,"Villasante, Aitana","1,20 €",,,,,,,,,,,,,,
27/01/2026,10:02:31,Cafe con leche grande,Efectivo,"Villasante, Aitana","1,00 €",,,,,,,,,,,,,,
27/01/2026,10:39:44,Cafe con leche pequeño,Datáfono,"Villasante, Aitana","1,50 €",,,,,,,,,,,,,,
27/01/2026,10:39:55,Cafe con leche grande,Datáfono,"Villasante, Aitana","1,50 €",,,,,,,,,,,,,,
27/01/2026,10:40:04,Cafe sin lactosa grande,Datáfono,"Villasante, Aitana","1,50 €",,,,,,,,,,,,,,
27/01/2026,10:50:22,Cafe con leche grande,Datáfono,"Villasante, Aitana","1,50 €",,,,,,,,,,,,,,
27/01/2026,10:50:25,Cafe con leche grande,Datáfono,"Villasante, Aitana","1,50 €",,,,,,,,,,,,,,
27/01/2026,10:50:49,Redbull naranja,Datáfono,"Villasante, Aitana","1,50 €",,,,,,,,,,,,,,
27/01/2026,10:50:53,Redbull blanco,Datáfono,"Villasante, Aitana","1,20 €",,,,,,,,,,,,,,
27/01/2026,10:54:08,Coca Cola Zero,Datáfono,"Villasante, Aitana","1,50 €",,,,,,,,,,,,,,
27/01/2026,11:07:34,Redbull sin azucar,Datáfono,"Villasante, Aitana","1,50 €",,,,,,,,,,,,,,
27/01/2026,11:07:38,Sandwich pavo y queso,Datáfono,"Villasante, Aitana","1,50 €",,,,,,,,,,,,,,
27/01/2026,11:07:42,Sandwich pavo y queso,Efectivo,"Villasante, Aitana","1,50 €",,,,,,,,,,,,,,
27/01/2026,11:12:33,Redbull blanco,Datáfono,"Villasante, Aitana","1,70 €",,,,,,,,,,,,,,
27/01/2026,11:58:42,Redbull sin azucar,Datáfono,"Villasante, Aitana","1,70 €",,,,,,,,,,,,,,
27/01/2026,11:55:28,Cafe con leche grande,Datáfono,"Aitana, Villasante","1,20 €",,,,,,,,,,,,,,
27/01/2026,11:55:32,Sandwich pavo y queso,Datáfono,"Aitana, Villasante","1,70 €",,,,,,,,,,,,,,
27/01/2026,11:55:35,Sandwich pavo y queso,Datáfono,"Aitana, Villasante","2,50 €",,,,,,,,,,,,,,
27/01/2026,12:03:11,Sandwich pavo y queso,Datáfono,"Aitana, Villasante","2,50 €",,,,,,,,,,,,,,
27/01/2026,11:57:16,Cafe solo pequeño,Datáfono,"Mery, Álvaro","1,70 €",,,,,,,,,,,,,,
27/01/2026,11:59:28,Agua,Efectivo,"Aitana, Villasante","1,70 €",,,,,,,,,,,,,,
27/01/2026,12:15:53,Sandwich pavo y queso,Datáfono,"Mery, Álvaro","1,50 €",,,,,,,,,,,,,,
27/01/2026,12:15:57,Sandwich pavo y queso,Datáfono,"Mery, Álvaro","2,50 €",,,,,,,,,,,,,,
27/01/2026,12:16:22,Sandwich pavo y queso,Datáfono,"Mery, Álvaro","2,50 €",,,,,,,,,,,,,,
27/01/2026,12:34:14,Cafe con leche pequeño,Datáfono,"Mery, Álvaro","2,50 €",,,,,,,,,,,,,,
27/01/2026,12:16:42,Pincho tortilla,Datáfono,"Mery, Álvaro","1,20 €",,,,,,,,,,,,,,
27/01/2026,12:23:43,Sandwich pavo y queso,Efectivo,"Mery, Álvaro","1,00 €",,,,,,,,,,,,,,
27/01/2026,12:25:46,Sandwich pavo y queso,Efectivo,"Mery, Álvaro","2,50 €",,,,,,,,,,,,,,
27/01/2026,12:29:57,Sandwich pavo y queso,Datáfono,"Mery, Álvaro","2,50 €",,,,,,,,,,,,,,
27/01/2026,12:38:53,Sandwich pavo y queso,Datáfono,"Mery, Álvaro","2,50 €",,,,,,,,,,,,,,
27/01/2026,12:43:29,Cafe con leche pequeño,Datáfono,"Mery, Álvaro","1,20 €",,,,,,,,,,,,,,
27/01/2026,13:08:45,Sandwich pavo y queso,Datáfono,"Mery, Álvaro","1,50 €",,,,,,,,,,,,,,
27/01/2026,13:11:34,Coca Cola,Efectivo,"Mery, Álvaro","2,50 €",,,,,,,,,,,,,,
27/01/2026,13:19:23,Coca Cola,Efectivo,"Mery, Álvaro","2,50 €",,,,,,,,,,,,,,
27/01/2026,13:20:17,Cafe con leche pequeño,Datáfono,"Mery, Álvaro","2,50 €",,,,,,,,,,,,,,
27/01/2026,13:24:53,Agua,Datáfono,"Mery, Álvaro","2,50 €",,,,,,,,,,,,,,
27/01/2026,14:12:39,Sandwich pavo y queso,Datáfono,"Mery, Álvaro","1,20 €",,,,,,,,,,,,,,
27/01/2026,14:12:52,Sandwich pavo y queso,Datáfono,"Mery, Álvaro","2,50 €",,,,,,,,,,,,,,
27/01/2026,14:18:05,Cafe con leche pequeño,Datáfono,"Mery, Álvaro","1,20 €",,,,,,,,,,,,,,
27/01/2026,14:24:25,Cafe con leche pequeño,Datáfono,"Mery, Álvaro","1,20 €",,,,,,,,,,,,,,
27/01/2026,14:44:06,Sandwich pavo y queso,Datáfono,"Mery, Álvaro","1,20 €",,,,,,,,,,,,,,
27/01/2026,15:07:28,Bocata tortilla,Datáfono,"Mery, Álvaro","1,00 €",,,,,,,,,,,,,,
27/01/2026,15:10:56,Bocata tortilla,Datáfono,"Mery, Álvaro","2,50 €",,,,,,,,,,,,,,
27/01/2026,15:11:10,Bocata tortilla,Datáfono,"Mery, Álvaro","2,50 €",,,,,,,,,,,,,,
27/01/2026,15:11:28,Coca Cola,Datáfono,"Mery, Álvaro","1,20 €",,,,,,,,,,,,,,
27/01/2026,15:12:14,Cafe sin lactosa pequeño,Datáfono,"Mery, Álvaro","1,20 €",,,,,,,,,,,,,,
27/01/2026,15:12:27,Cafe con leche pequeño,Datáfono,"Mery, Álvaro","2,50 €",,,,,,,,,,,,,,
27/01/2026,15:15:01,Cafe con leche pequeño,Datáfono,"Mery, Álvaro","4,00 €",,,,,,,,,,,,,,
27/01/2026,15:15:16,Cafe con leche grande,Efectivo,"Mery, Álvaro","4,00 €",,,,,,,,,,,,,,
27/01/2026,15:17:17,Cafe con leche pequeño,Datáfono,"Mery, Álvaro","4,00 €",,,,,,,,,,,,,,
27/01/2026,16:12:39,Agua,Efectivo,"Mery, Álvaro","1,20 €",,,,,,,,,,,,,,
27/01/2026,16:12:51,Agua,Efectivo,"Mery, Álvaro","1,20 €",,,,,,,,,,,,,,
27/01/2026,16:13:04,Sandwich pavo y queso,Datáfono,"Mery, Álvaro","1,20 €",,,,,,,,,,,,,,
27/01/2026,16:16:25,Cafe con leche pequeño,Datáfono,"Mery, Álvaro","1,20 €",,,,,,,,,,,,,,
28/01/2026,11:17:49,Cafe con leche pequeño,Datáfono,Kawtar,"1,50 €",,,,,,,,,,,,,,
28/01/2026,11:17:49,Cafe con leche pequeño,Efectivo,Kawtar,"1,20 €",,,,,,,,,,,,,,
28/01/2026,11:27:26,Cafe solo grande,Datáfono,Kawtar,"1,00 €",,,,,,,,,,,,,,
28/01/2026,11:27:40,Cafe con leche grande,Datáfono,Kawtar,"1,00 €",,,,,,,,,,,,,,
28/01/2026,11:32:25,Cafe sin lactosa grande,Datáfono,Kawtar,"2,50 €",,,,,,,,,,,,,,
28/01/2026,11:32:27,Cafe sin lactosa grande,Datáfono,Kawtar,"1,20 €",,,,,,,,,,,,,,
28/01/2026,13:14:26,Sandwich pavo y queso,Datáfono,"Adri, Villasante","1,20 €",,,,,,,,,,,,,,
28/01/2026,13:48:25,ColaCao,Datáfono,"Adri, Villasante","1,20 €",,,,,,,,,,,,,,
28/01/2026,14:02:57,Coca Cola,Efectivo,,"1,50 €",,,,,,,,,,,,,,
28/01/2026,14:03:02,Coca Cola Zero,Efectivo,,"1,50 €",,,,,,,,,,,,,,
28/01/2026,14:27:49,Cafe con leche grande,Datáfono,,"1,50 €",cafe + 1/3 de barra de pan que nos ha pedido,,,,,,,,,,,,,
28/01/2026,14:35:23,Bocata tortilla,Datáfono,,"1,50 €",,,,,,,,,,,,,,
28/01/2026,14:35:25,Coca Cola Zero,Datáfono,,"2,50 €",,,,,,,,,,,,,,
28/01/2026,14:56:36,Cafe con leche pequeño,Datáfono,"Kawtar, Bakr","1,20 €",,,,,,,,,,,,,,
28/01/2026,14:56:41,Cafe sin lactosa pequeño,Datáfono,"Kawtar, Bakr","1,20 €",,,,,,,,,,,,,,
28/01/2026,14:56:59,Redbull sin azucar,Datáfono,"Kawtar, Bakr","1,20 €",,,,,,,,,,,,,,
28/01/2026,14:59:12,Redbull sin azucar,Datáfono,"Kawtar, Bakr","1,50 €",,,,,,,,,,,,,,
28/01/2026,14:59:35,Cafe con leche grande,Datáfono,Claudia,"4,00 €",,,,,,,,,,,,,,
28/01/2026,14:59:47,Cafe sin lactosa grande,Datáfono,Claudia,"1,20 €",Sin cobrar de angélica,,,,,,,,,,,,,
28/01/2026,14:59:57,Cafe solo grande,Datáfono,Claudia,"1,20 €",,,,,,,,,,,,,,
28/01/2026,15:09:05,Sandwich pavo y queso,Datáfono,"Adri, Villasante","1,20 €",,,,,,,,,,,,,,
28/01/2026,15:15:21,Coca Cola,Datáfono,"Adri, Villasante","1,70 €",,,,,,,,,,,,,,
28/01/2026,15:24:38,Coca Cola,Datáfono,"Adri, Villasante","1,70 €",,,,,,,,,,,,,,
28/01/2026,15:26:58,Pincho tortilla,Datáfono,"Adri, Villasante","1,50 €",,,,,,,,,,,,,,
28/01/2026,15:27:36,Pincho tortilla,Datáfono,"Adri, Villasante","1,50 €",,,,,,,,,,,,,,
28/01/2026,15:29:45,ColaCao,Efectivo,"Adri, Villasante","1,50 €",,,,,,,,,,,,,,
28/01/2026,15:30:22,Agua,Datáfono,"Adri, Villasante","2,50 €",,,,,,,,,,,,,,
28/01/2026,15:44:45,Cafe con leche grande,Datáfono,"Adri, Villasante","1,20 €",,,,,,,,,,,,,,
28/01/2026,16:19:14,Redbull blanco,Efectivo,"Adri, Villasante","1,20 €",,,,,,,,,,,,,,
29/01/2026,9:32:15,ColaCao,Datáfono,"Mery, Álvaro","1,50 €",,,,,,,,,,,,,,
29/01/2026,9:32:16,ColaCao,Datáfono,"Mery, Álvaro","1,50 €",,,,,,,,,,,,,,
29/01/2026,10:07:42,Redbull blanco,Datáfono,"Mery, Álvaro","1,20 €",,,,,,,,,,,,,,
29/01/2026,10:13:14,Cafe con leche pequeño,Datáfono,"Mery, Álvaro","1,00 €",,,,,,,,,,,,,,
29/01/2026,10:30:33,Cafe con leche pequeño,Datáfono,"Mery, Álvaro","1,50 €",,,,,,,,,,,,,,
29/01/2026,10:30:44,Sandwich pavo y queso,Datáfono,"Mery, Álvaro","1,70 €",,,,,,,,,,,,,,
29/01/2026,10:33:48,Sandwich pavo y queso,Datáfono,"Mery, Álvaro","1,20 €",,,,,,,,,,,,,,
29/01/2026,10:41:01,Cafe con leche pequeño,Datáfono,"Mery, Álvaro","1,20 €",,,,,,,,,,,,,,
29/01/2026,10:46:40,Cafe con leche grande,Datáfono,"Mery, Álvaro","1,70 €",,,,,,,,,,,,,,
29/01/2026,11:46:19,Coca Cola,Datáfono,"Mery, Álvaro","1,20 €",,,,,,,,,,,,,,
29/01/2026,11:46:29,Sandwich pavo y queso,Datáfono,"Mery, Álvaro","1,20 €",,,,,,,,,,,,,,
29/01/2026,11:47:01,Pincho tortilla,Datáfono,"Mery, Álvaro","2,50 €",,,,,,,,,,,,,,
29/01/2026,11:48:17,Redbull sin azucar,Datáfono,"Mery, Álvaro","2,50 €",,,,,,,,,,,,,,
29/01/2026,12:12:25,Cafe con leche grande,Efectivo,"Lastra, Kawtar","1,20 €",,,,,,,,,,,,,,
29/01/2026,14:06:28,Cafe con leche pequeño,Datáfono,"Lastra, Kawtar","1,50 €",,,,,,,,,,,,,,
29/01/2026,14:06:44,Redbull naranja,Datáfono,"Lastra, Kawtar","1,20 €",,,,,,,,,,,,,,
29/01/2026,14:16:03,Coca Cola Zero,Datáfono,"Kawtar, Lastra","2,50 €",,,,,,,,,,,,,,
29/01/2026,14:14:15,Croissant pavo y queso,Datáfono,"Kawtar, Lastra","1,50 €",,,,,,,,,,,,,,
29/01/2026,14:30:06,Cafe sin lactosa pequeño,Efectivo,"Kawtar, Lastra","1,70 €",,,,,,,,,,,,,,
29/01/2026,14:46:57,Bocata lomo y queso,Datáfono,"Kawtar, Lastra","1,50 €",,,,,,,,,,,,,,
,,,Datáfono,"Kawtar, Lastra","1,20 €",cubiertos,,,,,,,,,,,,,
29/01/2026,15:34:58,Cafe americano pequeño,Efectivo,"Jose G, Bakr","1,70 €",,,,,,,,,,,,,,
29/01/2026,17:32:27,Cafe con leche pequeño,Datáfono,"Jose G, Bakr","1,20 €",,,,,,,,,,,,,,
29/01/2026,17:32:31,Gofre,Datáfono,"Jose G, Bakr","2,50 €",,,,,,,,,,,,,,
29/01/2026,17:55:26,Cerveza,Datáfono,"Jose G, Bakr","1,20 €",,,,,,,,,,,,,,
29/01/2026,17:55:32,Cerveza,Datáfono,"Jose G, Bakr","4,00 €",,,,,,,,,,,,,,
,,Cerveza,Datáfono,"Jose G, Bakr",,,,,,,,,,,,,,,
29/01/2026,18:12:38,Cerveza,Datáfono,"Jose G, Bakr","1,20 €",,,,,,,,,,,,,,
29/01/2026,18:12:41,Cerveza,Datáfono,"Jose G, Bakr","1,20 €",,,,,,,,,,,,,,
29/01/2026,18:17:36,Cerveza,Datáfono,"Jose G, Bakr","2,50 €",,,,,,,,,,,,,,
30/01/2026,9:38:17,Sandwich pavo y queso,Datáfono,"Abrey, Canario","1,00 €",,,,,,,,,,,,,,
30/01/2026,9:41:27,Cafe con leche grande,Datáfono,"Abrey, Canario","1,00 €",,,,,,,,,,,,,,
30/01/2026,9:55:49,Cafe con leche grande,Datáfono,"Abrey, Canario","1,00 €",,,,,,,,,,,,,,
30/01/2026,10:06:15,Cafe con leche grande,Datáfono,"Abrey, Canario","1,00 €",,,,,,,,,,,,,,
,,Cafe con leche grande,Datáfono,"Abrey, Canario","1,00 €",,,,,,,,,,,,,,
30/01/2026,10:15:29,Pincho tortilla,Datáfono,"Abrey, Canario","1,00 €",,,,,,,,,,,,,,
30/01/2026,10:47:48,Pincho tortilla,Datáfono,"Abrey, Canario","2,50 €",,,,,,,,,,,,,,
30/01/2026,10:51:21,Cafe sin lactosa pequeño,Efectivo,"Abrey, Canario","1,50 €",,,,,,,,,,,,,,
30/01/2026,11:13:04,Cafe sin lactosa grande,Datáfono,"Abrey, Canario","1,50 €",,,,,,,,,,,,,,
30/01/2026,11:14:31,Redbull blanco,Datáfono,"Abrey, Canario","1,50 €",,,,,,,,,,,,,,
30/01/2026,11:15:43,Cafe con leche grande,Datáfono,"Abrey, Canario","1,50 €",,,,,,,,,,,,,,
30/01/2026,11:53:42,Cafe con leche grande,Efectivo,"Abrey, Canario","1,50 €",,,,,,,,,,,,,,
30/01/2026,12:03:32,Sandwich pavo y queso,Datáfono,"Abrey, Canario","1,50 €",,,,,,,,,,,,,,
30/01/2026,12:03:38,Sandwich pavo y queso,Efectivo,"Abrey, Canario","1,20 €",,,,,,,,,,,,,,
30/01/2026,12:07:16,Cafe sin lactosa grande,Datáfono,"Abrey, Canario","1,50 €",,,,,,,,,,,,,,
30/01/2026,12:21:13,Sandwich pavo y queso,Datáfono,"Abrey, Vittorio","1,70 €",,,,,,,,,,,,,,
02/02/2026,9:41:14,Cafe solo pequeño,Datáfono,Kawtar,"1,50 €",,,,,,,,,,,,,,
02/02/2026,10:28:39,Cafe sin lactosa pequeño,Efectivo,Kawtar,"1,50 €",,,,,,,,,,,,,,
02/02/2026,10:32:00,Cafe con leche grande,Datáfono,Kawtar,"2,50 €",,,,,,,,,,,,,,
02/02/2026,10:32:06,Cafe con leche grande,Efectivo,Kawtar,"2,50 €",,,,,,,,,,,,,,
02/02/2026,10:34:15,Cafe con leche pequeño,Datáfono,Kawtar,"1,50 €",,,,,,,,,,,,,,
02/02/2026,10:35:29,Redbull sin azucar,Datáfono,Kawtar,"2,50 €",,,,,,,,,,,,,,
02/02/2026,11:28:10,Redbull sin azucar,Datáfono,Kawtar,"1,20 €",,,,,,,,,,,,,,
02/02/2026,11:50:14,Sandwich pavo y queso,Datáfono,Kawtar,"1,20 €",,,,,,,,,,,,,,
02/02/2026,12:03:24,Sandwich pavo y queso,Datáfono,Kawtar,"1,50 €",,,,,,,,,,,,,,
02/02/2026,12:24:14,Cafe solo pequeño,Datáfono,Kawtar,"1,50 €",,,,,,,,,,,,,,
02/02/2026,12:24:24,Cafe sin lactosa grande,Datáfono,Kawtar,"1,20 €",,,,,,,,,,,,,,
02/02/2026,13:01:32,Sandwich pavo y queso,Efectivo,Kawtar,"1,70 €",,,,,,,,,,,,,,
02/02/2026,13:01:45,Cafe con leche grande,Efectivo,Kawtar,"1,70 €",,,,,,,,,,,,,,
02/02/2026,13:07:04,Cafe con leche pequeño,Datáfono,Kawtar,"2,50 €",,,,,,,,,,,,,,
02/02/2026,13:07:31,Cafe con leche grande,Datáfono,Kawtar,"2,50 €",,,,,,,,,,,,,,
02/02/2026,13:07:39,Cafe con leche grande,Datáfono,Kawtar,"1,20 €",,,,,,,,,,,,,,
02/02/2026,13:18:23,ColaCao,Efectivo,"Vittorio , Bakr","1,50 €",,,,,,,,,,,,,,
02/02/2026,13:31:18,Cafe con leche pequeño,Datáfono,"Vittorio , Bakr","2,50 €",,,,,,,,,,,,,,
02/02/2026,13:49:51,Sandwich pavo y queso,Datáfono,"Vittorio , Bakr","1,50 €",,,,,,,,,,,,,,
02/02/2026,13:58:48,Bocata lomo y queso,Datáfono,"Vittorio , Bakr","1,20 €",,,,,,,,,,,,,,
02/02/2026,14:21:06,Coca Cola,Efectivo,"Vittorio , Bakr","1,50 €",,,,,,,,,,,,,,
02/02/2026,15:43:06,Cafe solo grande,Datáfono,"Vittorio , Bakr","1,50 €",,,,,,,,,,,,,,
02/02/2026,15:37:11,Cafe con leche pequeño,Datáfono,"Vittorio , Bakr","1,20 €",,,,,,,,,,,,,,
02/02/2026,15:37:26,Agua,Datáfono,"Vittorio , Bakr","1,20 €",,,,,,,,,,,,,,
02/02/2026,15:37:55,Cafe con leche grande,Datáfono,"Vittorio , Bakr","2,50 €",,,,,,,,,,,,,,
02/02/2026,16:47:45,Cafe con leche grande,Datáfono,"Vittorio , Bakr","4,00 €",,,,,,,,,,,,,,
02/02/2026,16:48:04,Cafe con leche grande,Efectivo,"Vittorio , Bakr","1,20 €",,,,,,,,,,,,,,
03/02/2026,9:42:15,Cafe sin lactosa grande,Datáfono,"Claudia, Elías","1,50 €",,,,,,,,,,,,,,
03/02/2026,9:42:18,Cafe sin lactosa grande,Datáfono,"Claudia, Elías","1,20 €",,,,,,,,,,,,,,
03/02/2026,10:09:36,Redbull sin azucar,Datáfono,"Claudia, Elías","1,00 €",,,,,,,,,,,,,,
03/02/2026,10:15:32,Cafe con leche pequeño,Datáfono,,"1,50 €",,,,,,,,,,,,,,
03/02/2026,10:16:15,Tostada tomate y aceite,Datáfono,,"1,50 €",,,,,,,,,,,,,,
03/02/2026,10:26:35,Sandwich pavo y queso,Efectivo,,"1,50 €",,,,,,,,,,,,,,
03/02/2026,10:26:48,Cafe con leche grande,Datáfono,,"1,50 €",,,,,,,,,,,,,,
03/02/2026,11:00:16,Cafe con leche grande,Datáfono,,"1,50 €",,,,,,,,,,,,,,
03/02/2026,11:00:22,Cafe sin lactosa grande,Datáfono,,"1,70 €",,,,,,,,,,,,,,
03/02/2026,11:03:31,Cafe con leche grande,Datáfono,,"1,20 €",,,,,,,,,,,,,,
03/02/2026,11:13:07,Cafe con leche grande,Datáfono,,"2,00 €",,,,,,,,,,,,,,
03/02/2026,11:19:25,Cafe con leche grande,Efectivo,,"2,50 €",,,,,,,,,,,,,,
03/02/2026,11:53:48,Cafe con leche grande,Efectivo,"Elías, Claudia","1,50 €",,,,,,,,,,,,,,
03/02/2026,12:06:27,Cafe con leche grande,Datáfono,"Mery, Álvaro","1,50 €",,,,,,,,,,,,,,
03/02/2026,12:07:16,Sandwich pavo y queso,Datáfono,"Álvaro, Mery","1,50 €",,,,,,,,,,,,,,
03/02/2026,12:07:20,Sandwich pavo y queso,Datáfono,"Mery, Álvaro","1,50 €",,,,,,,,,,,,,,
03/02/2026,12:08:53,Cafe con leche grande,Datáfono,"Mery, Álvaro","1,50 €",,,,,,,,,,,,,,
03/02/2026,12:28:58,Sandwich pavo y queso,Datáfono,"Álvaro, Mery","1,50 €",,,,,,,,,,,,,,
03/02/2026,12:29:01,Sandwich pavo y queso,Datáfono,"Álvaro, Mery","1,50 €",,,,,,,,,,,,,,
03/02/2026,12:53:48,Cafe con leche grande,Datáfono,"Álvaro, Mery","1,50 €",,,,,,,,,,,,,,
03/02/2026,13:07:39,Redbull blanco,Datáfono,"Álvaro, Mery","2,50 €",,,,,,,,,,,,,,
03/02/2026,14:11:18,Bocata lomo y queso,Efectivo,"Mery, Álvaro","2,50 €",,,,,,,,,,,,,,
03/02/2026,14:11:58,Coca Cola,Efectivo,"Mery, Álvaro","1,50 €",Nestea,,,,,,,,,,,,,
03/02/2026,14:27:14,Fanta de naranja,Datáfono,"Mery, Álvaro","2,50 €",,,,,,,,,,,,,,
03/02/2026,15:20:24,Acuarious,Datáfono,"Bakr, Jose G","2,50 €",,,,,,,,,,,,,,
03/02/2026,15:27:44,Bocata lomo y queso,Datáfono,"Bakr, Jose G","1,50 €",,,,,,,,,,,,,,
03/02/2026,15:21:16,Cafe con leche pequeño,Datáfono,"Bakr, Jose G","1,70 €",,,,,,,,,,,,,,
03/02/2026,15:21:22,Cafe con leche pequeño,Datáfono,"Bakr, Jose G","4,00 €",,,,,,,,,,,,,,
03/02/2026,15:21:31,Sandwich pavo y queso,Datáfono,"Bakr, Jose G","1,20 €",,,,,,,,,,,,,,
03/02/2026,15:22:00,Cafe con leche grande,Datáfono,"Bakr, Jose G","1,20 €",,,,,,,,,,,,,,
03/02/2026,15:22:30,Pincho tortilla,Datáfono,"Bakr, Jose G","1,20 €",,,,,,,,,,,,,,
03/02/2026,15:22:35,Pincho tortilla,Datáfono,"Bakr, Jose G","4,00 €",,,,,,,,,,,,,,
03/02/2026,15:23:17,Cafe con leche pequeño,Datáfono,"Bakr, Jose G","1,20 €",,,,,,,,,,,,,,
03/02/2026,15:24:40,Cafe con leche grande,Datáfono,"Bakr, Jose G","1,20 €",,,,,,,,,,,,,,
03/02/2026,15:24:40,Cafe con leche grande,Datáfono,"Bakr, Jose G","2,50 €",,,,,,,,,,,,,,
03/02/2026,15:42:14,Cafe con leche grande,Datáfono,"Bakr, Jose G","1,50 €",,,,,,,,,,,,,,
03/02/2026,16:05:19,Cafe con leche grande,Datáfono,"Bakr, Jose G","1,50 €",,,,,,,,,,,,,,
03/02/2026,16:08:07,Cafe con leche grande,Datáfono,"Jose G, Bakr","1,50 €",,,,,,,,,,,,,,
03/02/2026,16:59:37,Cafe con leche grande,Datáfono,"Jose G, Bakr","1,20 €",,,,,,,,,,,,,,
04/02/2026,10:43:06,Cafe con leche grande,Datáfono,Piti Piti,"1,50 €",,,,,,,,,,,,,,
04/02/2026,10:43:29,Coca Cola,Efectivo,Piti Piti,"1,50 €",,,,,,,,,,,,,,
04/02/2026,12:03:43,Sandwich pavo y queso,Datáfono,"Kawtar, Claudia","1,50 €",,,,,,,,,,,,,,
,,Sandwich pavo y queso,Datáfono,"Kawtar, Claudia","1,50 €",,,,,,,,,,,,,,
22/02/2026,11:05:05,Pack desayuno sandwich,Efectivo,"Kawtar, Claudia","1,50 €",PROMOCIÓN,,,,,,,,,,,,,
22/02/2026,11:05:12,Pack desayuno sandwich,Datáfono,"Kawtar, Claudia","1,50 €",PROMOCIÓN,,,,,,,,,,,,,
22/02/2026,11:05:18,Pack desayuno sandwich,Datáfono,"Kawtar, Claudia","1,50 €",PROMOCIÓN,,,,,,,,,,,,,
22/02/2026,11:05:30,Pack desayuno sandwich,Datáfono,"Kawtar, Claudia","1,20 €",PROMOCIÓN,,,,,,,,,,,,,
04/02/2026,12:07:18,Cafe con leche pequeño,Datáfono,"Kawtar, Claudia","2,50 €",,,,,,,,,,,,,,
22/02/2026,11:05:35,Pack desayuno sandwich,Efectivo,"Kawtar, Claudia","2,50 €",PROMOCIÓN,,,,,,,,,,,,,
04/02/2026,12:12:29,Cafe con leche grande,Efectivo,"Kawtar, Claudia","3,00 €",,,,,,,,,,,,,,
04/02/2026,12:13:55,Cafe con leche grande,Datáfono,"Kawtar, Claudia","3,00 €",,,,,,,,,,,,,,
22/02/2026,11:05:40,Pack desayuno sandwich,Datáfono,"Kawtar, Claudia","3,00 €",Promo,,,,,,,,,,,,,
22/02/2026,11:05:42,Pack desayuno sandwich,Datáfono,"Kawtar, Claudia","3,00 €",Promo,,,,,,,,,,,,,
22/02/2026,11:05:46,Pack desayuno sandwich,Efectivo,"Kawtar, Claudia","1,20 €",Promo,,,,,,,,,,,,,
04/02/2026,12:21:54,Agua,Efectivo,"Kawtar, Claudia","3,00 €",,,,,,,,,,,,,,
04/02/2026,12:41:15,Cafe con leche grande,Datáfono,"Málaga, Kawtar","1,50 €",,,,,,,,,,,,,,
04/02/2026,13:17:10,Cafe con leche grande,Datáfono,"Aitana, Elías","1,50 €",,,,,,,,,,,,,,
04/02/2026,13:35:27,Cafe solo grande,Datáfono,Ángel,"3,00 €",,,,,,,,,,,,,,
04/02/2026,13:38:00,Pincho tortilla,Datáfono,"Ángel, Luca","3,00 €",,,,,,,,,,,,,,
04/02/2026,13:38:06,Pincho tortilla,Datáfono,"Ángel, Luca","3,00 €",,,,,,,,,,,,,,
04/02/2026,13:53:00,Cafe con leche grande,Datáfono,"Ángel, Luca","1,00 €",,,,,,,,,,,,,,
04/02/2026,14:15:14,Cafe con leche grande,Datáfono,"Aitana, Elías","1,50 €",,,,,,,,,,,,,,
04/02/2026,14:42:27,Bocata lomo y queso,Datáfono,"Elías, Aitana","1,50 €",,,,,,,,,,,,,,
04/02/2026,14:56:27,Coca Cola,Datáfono,"Elías, Aitana","1,50 €",,,,,,,,,,,,,,
04/02/2026,14:56:29,Redbull sin azucar,Datáfono,"Elías, Aitana","1,50 €",,,,,,,,,,,,,,
04/02/2026,14:56:37,Agua,Datáfono,"Elías, Aitana","1,50 €",,,,,,,,,,,,,,
04/02/2026,15:26:28,Cafe con leche grande,Datáfono,"Elías, Aitana","1,50 €",,,,,,,,,,,,,,
04/02/2026,15:35:09,Cafe solo grande,Datáfono,"Aitana, Elías","1,50 €",,,,,,,,,,,,,,
22/02/2026,11:06:08,Pack desayuno sandwich,Datáfono,"Elías, Aitana","4,00 €",PROMOCIÓN,,,,,,,,,,,,,
22/02/2026,11:06:13,Pack desayuno sandwich,Efectivo,"Aitana, Elías","1,20 €",PROMOCIÓN con colacao,,,,,,,,,,,,,
04/02/2026,17:43:08,Redbull blanco,Datáfono,"Aitana, Elías","1,70 €",,,,,,,,,,,,,,
04/02/2026,17:45:45,Redbull sin azucar,Datáfono,"Aitana, Elías","1,00 €",,,,,,,,,,,,,,
05/02/2026,9:59:19,Sandwich pavo y queso,Datáfono,"Mery, Álvaro","1,50 €",,,,,,,,,,,,,,
05/02/2026,9:59:22,Sandwich pavo y queso,Datáfono,"Álvaro, Mery","1,50 €",,,,,,,,,,,,,,
05/02/2026,9:59:51,Agua,Datáfono,"Mery, Álvaro","3,00 €",,,,,,,,,,,,,,
,,Cafe solo pequeño,Efectivo,"Álvaro, Mery","3,00 €",,,,,,,,,,,,,,
05/02/2026,10:00:46,Cafe con leche grande,Efectivo,"Álvaro, Mery","1,70 €",,,,,,,,,,,,,,
05/02/2026,10:00:51,Cafe con leche grande,Efectivo,"Álvaro, Mery","1,70 €",,,,,,,,,,,,,,
05/02/2026,10:01:11,Cafe con leche grande,Datáfono,"Álvaro, Mery","2,50 €",,,,,,,,,,,,,,
05/02/2026,10:01:29,Cafe con leche grande,Efectivo,"Álvaro, Mery","2,50 €",,,,,,,,,,,,,,
05/02/2026,10:16:30,Sandwich pavo y queso,Datáfono,"Álvaro, Mery","1,00 €",,,,,,,,,,,,,,
05/02/2026,10:16:47,Cafe con leche grande,Datáfono,"Álvaro, Mery","1,20 €",,,,,,,,,,,,,,
05/02/2026,10:17:40,Cafe sin lactosa grande,Efectivo,"Álvaro, Mery","1,50 €",Es de Avena ,,,,,,,,,,,,,
05/02/2026,10:18:13,Cafe con leche grande,Datáfono,"Álvaro, Mery","1,50 €",,,,,,,,,,,,,,
05/02/2026,10:18:29,Cafe con leche grande,Datáfono,"Álvaro, Mery","1,50 €",,,,,,,,,,,,,,
05/02/2026,10:53:19,Redbull sin azucar,Datáfono,"Álvaro, Mery","1,50 €",,,,,,,,,,,,,,
05/02/2026,10:53:22,Redbull sin azucar,Datáfono,"Álvaro, Mery","2,50 €",,,,,,,,,,,,,,
05/02/2026,10:54:04,Redbull naranja,Datáfono,"Álvaro, Mery","1,50 €",,,,,,,,,,,,,,
05/02/2026,10:54:08,Fanta de naranja,Datáfono,"Álvaro, Mery","1,50 €",,,,,,,,,,,,,,
05/02/2026,11:58:52,Gofre,Efectivo,"Álvaro, Mery","1,50 €",,,,,,,,,,,,,,
05/02/2026,12:01:35,Bocata tortilla,Datáfono,"Álvaro, Mery","1,50 €",,,,,,,,,,,,,,
05/02/2026,12:03:37,Bocata tortilla,Datáfono,"Álvaro, Mery","1,70 €",,,,,,,,,,,,,,
05/02/2026,12:03:48,Bocata tortilla,Datáfono,"Álvaro, Mery","1,70 €",,,,,,,,,,,,,,
05/02/2026,12:02:17,Bocata lomo y queso,Efectivo,"Álvaro, Mery","1,70 €",,,,,,,,,,,,,,
05/02/2026,12:02:34,Pincho tortilla,Efectivo,"Álvaro, Mery","1,20 €",,,,,,,,,,,,,,
05/02/2026,12:02:51,Bocata tortilla,Efectivo,"Álvaro, Mery","2,50 €",,,,,,,,,,,,,,
05/02/2026,12:03:07,Bocata tortilla,Efectivo,"Álvaro, Mery","4,00 €",,,,,,,,,,,,,,
05/02/2026,12:11:42,Sandwich pavo y queso,Efectivo,"Álvaro, Mery, Piti Piti, Adri","4,00 €",,,,,,,,,,,,,,
05/02/2026,12:12:11,Pincho tortilla,Datáfono,"Álvaro, Mery","4,00 €",,,,,,,,,,,,,,
05/02/2026,12:14:09,Cafe con leche grande,Datáfono,"Álvaro, Mery","4,00 €",,,,,,,,,,,,,,
05/02/2026,12:14:36,Tostada jamón,Efectivo,"Álvaro, Mery, Piti Piti, Adri","1,50 €",,,,,,,,,,,,,,
22/02/2026,11:17:48,Nestea,Efectivo,"Álvaro, Mery, Piti Piti, Adri","4,00 €",era un nesti pero no esta metido en tipos de comida su`pongo que es el mismo precio ,,,,,,,,,,,,,
05/02/2026,12:15:32,Cafe con leche grande,Efectivo,"Álvaro, Mery, Piti Piti, Adri","4,00 €",,,,,,,,,,,,,,
05/02/2026,12:15:55,Gofre,Efectivo,"Álvaro, Mery, Piti Piti, Adri","2,50 €",,,,,,,,,,,,,,
05/02/2026,12:19:03,Cafe con leche grande,Datáfono,"Álvaro, Mery","1,50 €",,,,,,,,,,,,,,
05/02/2026,12:19:53,Sandwich pavo y queso,Datáfono,"Álvaro, Mery","1,50 €",,,,,,,,,,,,,,
05/02/2026,12:44:22,Cafe con leche pequeño,Datáfono,"Piti Piti, Adri","2,50 €",,,,,,,,,,,,,,
05/02/2026,12:45:10,Sandwich pavo y queso,Datáfono,"Piti Piti, Adri","1,20 €",,,,,,,,,,,,,,
05/02/2026,12:46:10,Redbull blanco,Datáfono,"Piti Piti, Adri","1,50 €",Es el nuevo azul,,,,,,,,,,,,,
05/02/2026,12:52:43,Coca Cola Zero,Datáfono,"Piti Piti, Adri","2,50 €",,,,,,,,,,,,,,
05/02/2026,13:29:59,Sandwich pavo y queso,Efectivo,"Piti Piti, Adri","1,50 €",promocion,,,,,,,,,,,,,
22/02/2026,11:06:40,Te,Datáfono,"Piti Piti, Adri","2,50 €",,,,,,,,,,,,,,
05/02/2026,14:08:56,Redbull blanco,Datáfono,"Piti Piti, Adri","1,20 €",,,,,,,,,,,,,,
05/02/2026,14:12:09,Bocata lomo y queso,Datáfono,"Piti Piti, Adri","2,50 €",,,,,,,,,,,,,,
05/02/2026,14:26:43,Coca Cola Zero,Datáfono,"Piti Piti, Adri","1,70 €",,,,,,,,,,,,,,
05/02/2026,14:36:42,cafe gratis,,"Piti Piti, Adri","1,20 €",tarjeta 10 cafes,,,,,,,,,,,,,
05/02/2026,14:45:57,Bocata lomo y queso,Efectivo,"Piti Piti, Adri","2,50 €",,,,,,,,,,,,,,
05/02/2026,14:54:36,Sandwich pavo y queso,Datáfono,"Piti Piti, Adri","1,20 €",promo de tiket con cafe,,,,,,,,,,,,,
05/02/2026,14:55:03,Sandwich pavo y queso,Datáfono,"Piti Piti, Adri","1,70 €",,,,,,,,,,,,,,
05/02/2026,14:55:14,Bocata lomo y queso,Datáfono,"Piti Piti, Adri","4,00 €",,,,,,,,,,,,,,
05/02/2026,14:55:56,Cafe con leche pequeño,Datáfono,"Piti Piti, Adri","1,20 €",,,,,,,,,,,,,,
05/02/2026,15:03:30,cfe con sobre de colacao,Datáfono,"Piti Piti, Adri","0,00 €",,,,,,,,,,,,,,
05/02/2026,15:11:07,Bocata lomo y queso,Datáfono,"Piti Piti, Adri","4,00 €",,,,,,,,,,,,,,
05/02/2026,16:14:34,ColaCao,Efectivo,"Jose G, Ángel","3,00 €",,,,,,,,,,,,,,
06/02/2026,9:53:11,Cafe con leche grande,Datáfono,"Kawtar, Abrey","2,50 €",,,,,,,,,,,,,,
06/02/2026,9:53:17,Cafe con leche grande,Datáfono,"Kawtar, Abrey","4,00 €",,,,,,,,,,,,,,
06/02/2026,9:53:15,Cafe con leche grande,Datáfono,"Kawtar, Abrey","1,20 €",,,,,,,,,,,,,,
22/02/2026,11:06:51,Aquarius de limon,Datáfono,"Kawtar, Abrey","2,25 €",,,,,,,,,,,,,,
06/02/2026,10:11:49,Cafe con leche grande,Datáfono,"Kawtar, Abrey","4,00 €",,,,,,,,,,,,,,
06/02/2026,10:22:28,Redbull sin azucar,Datáfono,"Kawtar, Abrey","1,20 €",,,,,,,,,,,,,,
06/02/2026,10:35:07,ColaCao,Efectivo,"Kawtar, Abrey","1,50 €",,,,,,,,,,,,,,
06/02/2026,11:21:16,Sandwich pavo y queso,Datáfono,"Kawtar, Abrey","1,50 €",,,,,,,,,,,,,,
06/02/2026,11:37:47,Cafe con leche grande,Datáfono,"Kawtar, Abrey","1,50 €",,,,,,,,,,,,,,
06/02/2026,11:43:31,Sandwich pavo y queso,Efectivo,"Kawtar, Abrey","1,20 €",,,,,,,,,,,,,,
07/02/2026,12:08:49,Coca Cola Zero,Datáfono,Kawtar,"1,50 €",,,,,,,,,,,,,,
09/02/2026,9:57:57,Cafe con leche pequeño,Datáfono,"Piti Piti, Abrey","1,70 €",,,,,,,,,,,,,,
09/02/2026,9:58:24,Tostada jamón,Datáfono,"Piti Piti, Abrey","1,20 €",,,,,,,,,,,,,,
09/02/2026,9:59:04,Cafe con leche grande,Datáfono,"Piti Piti, Abrey","2,50 €",,,,,,,,,,,,,,
09/02/2026,10:02:31,Cafe con leche pequeño,Datáfono,"Piti Piti, Abrey","1,50 €",,,,,,,,,,,,,,
09/02/2026,10:08:59,Cafe con leche grande,Datáfono,"Piti Piti, Abrey","2,50 €",,,,,,,,,,,,,,
09/02/2026,11:10:57,Gofre,Datáfono,"Piti Piti, Abrey","1,20 €",,,,,,,,,,,,,,
09/02/2026,11:48:51,Agua,Datáfono,"Vittorio, Abrey","1,20 €",,,,,,,,,,,,,,
09/02/2026,11:55:53,Cafe con leche grande,Datáfono,"Vittorio, Abrey","2,50 €",,,,,,,,,,,,,,
09/02/2026,11:55:56,Cafe con leche grande,Datáfono,"Vittorio, Abrey","1,50 €",,,,,,,,,,,,,,
09/02/2026,12:08:12,Cafe con leche grande,Datáfono,"Vittorio, Abrey","1,20 €",,,,,,,,,,,,,,
09/02/2026,12:08:17,Sandwich pavo y queso,Datáfono,"Vittorio, Abrey","1,50 €",,,,,,,,,,,,,,
09/02/2026,12:18:27,Cafe con leche grande,Datáfono,"Vittorio, Abrey","2,50 €",,,,,,,,,,,,,,
09/02/2026,12:26:38,Cafe con leche pequeño,Datáfono,"Vittorio, Abrey","1,00 €",,,,,,,,,,,,,,
09/02/2026,12:26:47,Cafe con leche grande,Datáfono,"Vittorio, Abrey","1,50 €",,,,,,,,,,,,,,
09/02/2026,12:57:12,Cafe con leche grande,Datáfono,"Vittorio, Abrey","1,50 €",,,,,,,,,,,,,,
09/02/2026,13:06:03,Cafe con leche pequeño,Datáfono,"Vittorio, Abrey","1,50 €",,,,,,,,,,,,,,
09/02/2026,13:13:54,Sandwich pavo y queso,Datáfono,"Lastra, Sofía","2,50 €",,,,,,,,,,,,,,
09/02/2026,13:45:49,Gofre,Datáfono,"Este apartado explica las implicaciones legales de colaborar con un empresario individual, es decir, con un autónomo. Un empresario individual es una persona que trabaja por cuenta propia y, a nivel legal, la persona y la empresa son lo mismo, por lo que responde con su patrimonio personal ante cualquier deuda. A diferencia de esto, en las sociedades mercantiles sí se separa el patrimonio personal del empresarial, por lo que muchos emprendedores empiezan como autónomos por su simplicidad y luego pasan a una sociedad para reducir riesgos., Sofía, Lastra","1,50 €",,,,,,,,,,,,,,
09/02/2026,13:46:57,ColaCao,Efectivo,"Sofía, Lastra","1,20 €",,,,,,,,,,,,,,
09/02/2026,13:47:02,Pincho tortilla,Datáfono,"Sofía, Lastra","1,50 €",,,,,,,,,,,,,,
09/02/2026,13:47:06,Pincho tortilla,Datáfono,"Sofía, Lastra","1,50 €",,,,,,,,,,,,,,
09/02/2026,13:47:24,Sandwich pavo y queso,Efectivo,"Sofía, Lastra","1,20 €",,,,,,,,,,,,,,
09/02/2026,13:52:13,Cafe con leche grande,Datáfono,"Lastra, Sofía","2,50 €",,,,,,,,,,,,,,
09/02/2026,13:52:42,Sandwich pavo y queso,Datáfono,"Sofía, Lastra","2,50 €",,,,,,,,,,,,,,
09/02/2026,14:10:06,Bocata tortilla,Datáfono,"Sofía, Lastra","1,20 €",,,,,,,,,,,,,,
09/02/2026,14:16:08,Bocata lomo y queso,Datáfono,"Sofía, Lastra","1,50 €",,,,,,,,,,,,,,
09/02/2026,14:28:32,Cafe con leche grande,Datáfono,"Sofía, Lastra","1,50 €",,,,,,,,,,,,,,
09/02/2026,14:39:19,Agua,Datáfono,"Sofía, Lastra","2,50 €",,,,,,,,,,,,,,
09/02/2026,14:45:00,Bocata lomo y queso,Datáfono,"Sofía, Lastra","1,50 €",,,,,,,,,,,,,,
09/02/2026,15:00:49,Bocata lomo y queso,Datáfono,"Sofía, Lastra","2,50 €",,,,,,,,,,,,,,
09/02/2026,15:12:10,Sandwich pavo y queso,Datáfono,"Sofía, Lastra","4,00 €",,,,,,,,,,,,,,
09/02/2026,15:16:19,Coca Cola,Datáfono,"Sofía, Lastra","4,00 €",Aquarius,,,,,,,,,,,,,
09/02/2026,15:16:59,Coca Cola,Datáfono,"Sofía, Lastra","1,50 €",Aquarius,,,,,,,,,,,,,
09/02/2026,15:24:50,Sandwich pavo y queso,Datáfono,"Sofía, Lastra","1,00 €",,,,,,,,,,,,,,
09/02/2026,15:30:04,Cafe sin lactosa grande,Efectivo,"Sofía, Lastra","4,00 €",,,,,,,,,,,,,,
09/02/2026,15:31:10,Sandwich pavo y queso,Datáfono,"Sofía, Lastra","4,00 €",,,,,,,,,,,,,,
09/02/2026,15:50:09,Cafe con leche pequeño,Datáfono,"Sofía, Lastra","2,50 €",,,,,,,,,,,,,,
09/02/2026,16:25:17,Cafe con leche pequeño,Datáfono,"Sofía, Lastra","1,20 €",,,,,,,,,,,,,,
09/02/2026,16:25:21,Cafe con leche pequeño,Datáfono,"Sofía, Lastra","1,20 €",,,,,,,,,,,,,,
09/02/2026,16:26:00,Sandwich pavo y queso,Datáfono,"Sofía, Lastra","2,50 €",,,,,,,,,,,,,,
10/02/2026,9:30:14,Cafe sin lactosa grande,Efectivo,Luca,"1,50 €",,,,,,,,,,,,,,
10/02/2026,9:32:39,Cafe con leche grande,Datáfono,Luca,"2,50 €",,,,,,,,,,,,,,
10/02/2026,10:40:03,Cafe sin lactosa grande,Datáfono,Luca,"1,20 €",,,,,,,,,,,,,,
10/02/2026,11:29:38,Cafe con leche pequeño,Efectivo,Luca,"1,20 €",,,,,,,,,,,,,,
10/02/2026,11:29:43,Sandwich pavo y queso,Efectivo,Luca,"1,20 €",,,,,,,,,,,,,,
10/02/2026,11:29:41,Sandwich pavo y queso,Datáfono,Luca,"2,50 €",,,,,,,,,,,,,,
10/02/2026,11:29:43,Sandwich pavo y queso,Datáfono,Luca,"1,50 €",,,,,,,,,,,,,,
10/02/2026,11:31:41,Cafe sin lactosa pequeño,Datáfono,Luca,"1,50 €",,,,,,,,,,,,,,
10/02/2026,11:46:48,Sandwich pavo y queso,Datáfono,Luca,"1,50 €",,,,,,,,,,,,,,
10/02/2026,11:52:26,Cafe con leche grande,Datáfono,"Mery, Álvaro","1,20 €",,,,,,,,,,,,,,
10/02/2026,12:43:08,Cafe con leche pequeño,Datáfono,"Mery, Álvaro","2,50 €",,,,,,,,,,,,,,
10/02/2026,12:43:18,Cafe con leche grande,Datáfono,"Mery, Álvaro","2,50 €",,,,,,,,,,,,,,
10/02/2026,12:44:14,Coca Cola Zero,Datáfono,"Mery, Álvaro","2,50 €",,,,,,,,,,,,,,
10/02/2026,12:44:26,Cafe con leche grande,Datáfono,"Mery, Álvaro","1,20 €",,,,,,,,,,,,,,
10/02/2026,12:46:52,Cafe con leche grande,Datáfono,"Mery, Álvaro","2,50 €",,,,,,,,,,,,,,
10/02/2026,15:04:51,Coca Cola,Datáfono,"Mery, Álvaro","1,50 €",,,,,,,,,,,,,,
10/02/2026,13:56:00,Gofre,Datáfono,"Mery, Álvaro","1,20 €",,,,,,,,,,,,,,
10/02/2026,13:56:05,Cafe con leche grande,Datáfono,"Mery, Álvaro","1,50 €",,,,,,,,,,,,,,
10/02/2026,13:56:06,Coca Cola,Datáfono,"Mery, Álvaro","1,20 €",,,,,,,,,,,,,,
10/02/2026,14:18:43,Cafe con leche pequeño,Datáfono,"Mery, Álvaro","1,50 €",,,,,,,,,,,,,,
,,Bocata lomo y queso,Datáfono,"Mery, Álvaro","1,50 €",,,,,,,,,,,,,,
10/02/2026,14:19:33,Bocata tortilla,Datáfono,"Mery, Álvaro","1,20 €",,,,,,,,,,,,,,
10/02/2026,15:00:52,Cafe con leche grande,Datáfono,"Mery, Álvaro","2,50 €",,,,,,,,,,,,,,
10/02/2026,15:00:52,Fanta de naranja,Datáfono,"Mery, Álvaro","1,50 €",,,,,,,,,,,,,,
10/02/2026,15:04:59,Cafe con leche grande,Datáfono,,"1,20 €",,,,,,,,,,,,,,
10/02/2026,15:05:02,Cafe con leche grande,Datáfono,,"1,20 €",,,,,,,,,,,,,,
10/02/2026,15:05:09,Pincho tortilla,Datáfono,,"4,00 €",,,,,,,,,,,,,,
10/02/2026,15:05:14,Pincho tortilla,Datáfono,,"4,00 €",,,,,,,,,,,,,,
10/02/2026,15:12:02,Cafe con leche grande,Datáfono,,"1,50 €",,,,,,,,,,,,,,
10/02/2026,15:12:07,Cafe sin lactosa grande,Efectivo,,"1,20 €",,,,,,,,,,,,,,
10/02/2026,15:20:22,Pincho tortilla,,,"1,50 €",GRATIS POR PAVO,,,,,,,,,,,,,
10/02/2026,15:53:01,Cafe con leche pequeño,Datáfono,,"1,50 €", ,,,,,,,,,,,,,
10/02/2026,16:04:14,Redbull sin azucar,Datáfono,,"1,50 €",,,,,,,,,,,,,,
10/02/2026,16:04:11,Redbull sin azucar,Datáfono,,"1,50 €",,,,,,,,,,,,,,
10/02/2026,16:58:51,Cafe con leche grande,Datáfono,,"1,50 €",,,,,,,,,,,,,,
10/02/2026,16:58:56,Cafe con leche grande,Datáfono,,"1,50 €",,,,,,,,,,,,,,
10/02/2026,17:16:50,Cafe con leche grande,Datáfono,,,,,,,,,,,,,,,,
10/02/2026,17:16:31,Agua,Datáfono,,"1,20 €",,,,,,,,,,,,,,
11/02/2026,9:05:17,Cafe solo grande,Datáfono,"Aitana, Abrey","1,70 €",,,,,,,,,,,,,,
11/02/2026,9:05:23,Cafe americano grande,Datáfono,"Aitana, Abrey","1,70 €",,,,,,,,,,,,,,
11/02/2026,9:18:09,Cafe con leche grande,Datáfono,"Aitana, Abrey","1,50 €",Leche de avena ,,,,,,,,,,,,,
11/02/2026,10:17:19,Cafe sin lactosa grande,Efectivo,"Aitana, Abrey","1,50 €",,,,,,,,,,,,,,
11/02/2026,10:17:23,Cafe sin lactosa grande,Efectivo,"Aitana, Abrey","1,50 €",,,,,,,,,,,,,,
11/02/2026,11:27:32,Cafe con leche grande,Datáfono,"Aitana, Abrey","1,00 €",,,,,,,,,,,,,,
11/02/2026,11:27:50,Cafe con leche grande,Datáfono,"Aitana, Abrey","1,50 €",,,,,,,,,,,,,,
11/02/2026,11:35:13,Cafe con leche pequeño,Datáfono,"Aitana, Abrey","1,50 €",,,,,,,,,,,,,,
11/02/2026,11:35:17,Sandwich pavo y queso,Datáfono,"Aitana, Abrey","1,50 €",,,,,,,,,,,,,,
11/02/2026,11:35:22,Sandwich pavo y queso,Datáfono,"Aitana, Abrey","1,50 €",,,,,,,,,,,,,,
11/02/2026,11:39:41,Sandwich pavo y queso,Datáfono,"Aitana, Abrey","1,50 €",,,,,,,,,,,,,,
,,Sandwich pavo y queso,Datáfono,"Aitana, Abrey","1,50 €",,,,,,,,,,,,,,
11/02/2026,11:48:51,Redbull naranja,Datáfono,"Aitana, Abrey","1,50 €",,,,,,,,,,,,,,
11/02/2026,11:57:35,Cafe con leche grande,Datáfono,"Aitana, Abrey","1,20 €",,,,,,,,,,,,,,
11/02/2026,12:03:54,Cafe con leche grande,Datáfono,"Aitana, Abrey","2,50 €",,,,,,,,,,,,,,
11/02/2026,12:14:08,Cafe con leche grande,Datáfono,"Aitana, Abrey","2,50 €",,,,,,,,,,,,,,
11/02/2026,14:06:51,Cafe solo grande,Datáfono,"Sofía, Villasante","2,50 €",,,,,,,,,,,,,,
11/02/2026,14:22:09,Cafe solo grande,Datáfono,"Sofía, Villasante","2,50 €",,,,,,,,,,,,,,
11/02/2026,14:22:19,Sandwich pavo y queso,Datáfono,"Sofía, Villasante","1,70 €",,,,,,,,,,,,,,
11/02/2026,14:37:39,Coca Cola Zero,Datáfono,"Sofía, Villasante","1,50 €",,,,,,,,,,,,,,
11/02/2026,14:42:15,Cafe sin lactosa grande,Efectivo,"Sofía, Villasante","1,50 €",,,,,,,,,,,,,,
11/02/2026,14:58:48,Coca Cola,Datáfono,"Sofía, Villasante","1,50 €",,,,,,,,,,,,,,
11/02/2026,14:58:53,Agua,Datáfono,"Villasante, Sofía","1,50 €",,,,,,,,,,,,,,
11/02/2026,15:11:28,Bocata lomo y queso,Efectivo,"Sofía, Villasante","1,50 €",,,,,,,,,,,,,,
11/02/2026,15:53:25,Coca Cola Zero,Datáfono,"Sofía, Villasante","2,50 €",,,,,,,,,,,,,,
11/02/2026,17:53:16,Coca Cola,Efectivo,"Sofía, Villasante","1,20 €",,,,,,,,,,,,,,
12/02/2026,9:01:12,Cafe solo pequeño,Datáfono,"Mery, Álvaro","1,50 €",,,,,,,,,,,,,,
12/02/2026,9:01:26,Agua,Datáfono,Mery,"1,20 €",,,,,,,,,,,,,,
12/02/2026,9:19:15,Cafe con leche grande,Datáfono,Mery,"1,00 €",,,,,,,,,,,,,,
12/02/2026,9:19:16,Cafe con leche grande,Datáfono,Mery,"4,00 €",,,,,,,,,,,,,,
12/02/2026,9:28:27,Cafe con leche pequeño,Datáfono,Mery,"1,20 €",,,,,,,,,,,,,,
12/02/2026,9:28:27,Cafe con leche pequeño,Datáfono,Mery,"1,20 €",,,,,,,,,,,,,,
12/02/2026,9:35:12,Agua,Datáfono,Mery,"1,20 €",,,,,,,,,,,,,,
12/02/2026,9:35:17,Coca Cola,Datáfono,Mery,"1,00 €",,,,,,,,,,,,,,
12/02/2026,9:35:30,Sandwich pavo y queso,Datáfono,Mery,"1,50 €",,,,,,,,,,,,,,
12/02/2026,10:00:48,Sandwich pavo y queso,Datáfono,Mery,"1,50 €",,,,,,,,,,,,,,
12/02/2026,10:00:51,Sandwich pavo y queso,Datáfono,Mery,"1,20 €",,,,,,,,,,,,,,
12/02/2026,10:01:04,Redbull sin azucar,Datáfono,Mery,"1,20 €",,,,,,,,,,,,,,
12/02/2026,10:02:24,Cafe con leche grande,Efectivo,Mery,"1,00 €",,,,,,,,,,,,,,
12/02/2026,10:46:41,Coca Cola,Datáfono,Mery,"1,20 €",,,,,,,,,,,,,,
12/02/2026,10:52:52,Cafe con leche pequeño,Datáfono,Mery,"2,50 €",,,,,,,,,,,,,,
12/02/2026,10:53:00,Cafe con leche grande,Datáfono,Mery,"2,50 €",,,,,,,,,,,,,,
12/02/2026,10:55:02,Agua,Efectivo,Mery,"2,50 €",,,,,,,,,,,,,,
12/02/2026,11:08:30,Cafe con leche grande,Datáfono,Mery,"1,70 €",,,,,,,,,,,,,,
12/02/2026,11:08:37,Sandwich pavo y queso,Datáfono,Mery,"1,50 €",,,,,,,,,,,,,,
12/02/2026,11:15:36,Cafe con leche grande,Efectivo,Mery,"1,20 €",,,,,,,,,,,,,,
12/02/2026,11:15:41,Cafe con leche pequeño,Datáfono,Mery,"1,20 €",,,,,,,,,,,,,,
12/02/2026,11:46:33,Sandwich pavo y queso,Datáfono,Mery,"1,50 €",,,,,,,,,,,,,,
12/02/2026,11:46:41,Cafe solo pequeño,Datáfono,Mery,"1,00 €",,,,,,,,,,,,,,
12/02/2026,12:21:41,Pincho tortilla,Datáfono,Mery,"1,50 €",,,,,,,,,,,,,,
12/02/2026,12:21:44,Pincho tortilla,Datáfono,Mery,"2,50 €",,,,,,,,,,,,,,
12/02/2026,12:21:48,Sandwich pavo y queso,Datáfono,Mery,"1,50 €",,,,,,,,,,,,,,
12/02/2026,14:13:15,Sandwich pavo y queso,Datáfono,"Luca, Ángel","1,20 €",,,,,,,,,,,,,,
12/02/2026,14:13:21,Sandwich pavo y queso,Datáfono,"Ángel, Luca","2,50 €",,,,,,,,,,,,,,
12/02/2026,14:14:03,Cafe americano pequeño,Datáfono,"Ángel, Luca","1,20 €",,,,,,,,,,,,,,
12/02/2026,14:14:15,Pincho tortilla,Datáfono,"Ángel, Luca","1,50 €",,,,,,,,,,,,,,
12/02/2026,14:14:13,Pincho tortilla,Datáfono,"Ángel, Luca","1,50 €",,,,,,,,,,,,,,
12/02/2026,14:14:54,Cafe con leche grande,Datáfono,"Ángel, Luca","2,50 €",,,,,,,,,,,,,,
12/02/2026,14:15:06,Cafe sin lactosa grande,Datáfono,"Ángel, Luca","2,50 €",,,,,,,,,,,,,,
12/02/2026,14:16:50,Cafe con leche grande,Datáfono,"Ángel, Luca","2,50 €",,,,,,,,,,,,,,
12/02/2026,14:17:34,Bocata lomo y queso,Datáfono,"Ángel, Luca","1,20 €",,,,,,,,,,,,,,
12/02/2026,15:52:21,Fanta de naranja,Datáfono,"Adri, Bakr","1,50 €",Aquarius,,,,,,,,,,,,,
12/02/2026,15:52:39,Cafe con leche grande,Datáfono,"Adri, Bakr","1,50 €",,,,,,,,,,,,,,
12/02/2026,16:12:38,Cafe solo pequeño,Datáfono,"Adri, Bakr","1,50 €",,,,,,,,,,,,,,
12/02/2026,16:49:42,Cerveza,Datáfono,"Adri, Bakr","1,50 €",quinto,,,,,,,,,,,,,
12/02/2026,16:50:10,Cerveza,Datáfono,"Adri, Bakr","1,50 €",quinto,,,,,,,,,,,,,
12/02/2026,18:33:55,Cerveza,Datáfono,"Adri, Bakr","4,00 €",,,,,,,,,,,,,,
,,Cerveza,Datáfono,"Adri, Bakr","1,20 €",,,,,,,,,,,,,,
,,Cerveza,Datáfono,"Adri, Bakr","1,60 €",,,,,,,,,,,,,,
,,Cerveza,Datáfono,"Adri, Bakr","1,20 €",,,,,,,,,,,,,,
,,Cerveza,Datáfono,"Adri, Bakr","1,00 €",,,,,,,,,,,,,,
,,Cerveza,Datáfono,"Adri, Bakr","1,00 €",,,,,,,,,,,,,,
,,Cerveza,Datáfono,"Adri, Bakr","1,00 €",,,,,,,,,,,,,,
12/02/2026,18:34:06,Cerveza,Datáfono,"Adri, Bakr","1,00 €",,,,,,,,,,,,,,
,,Cerveza,Datáfono,"Adri, Bakr","1,00 €",,,,,,,,,,,,,,
12/02/2026,18:36:43,Cerveza,Datáfono,"Adri, Bakr","1,00 €",,,,,,,,,,,,,,
,,Cerveza,Datáfono,"Adri, Bakr","1,00 €",,,,,,,,,,,,,,
13/02/2026,10:19:33,Cafe con leche grande,Datáfono,"Vittorio, Bakr","1,00 €",,,,,,,,,,,,,,
13/02/2026,10:20:31,Sandwich pavo y queso,Datáfono,"Vittorio, Bakr","1,00 €",,,,,,,,,,,,,,
13/02/2026,10:21:12,Redbull sin azucar,Datáfono,"Vittorio, Bakr","1,00 €",,,,,,,,,,,,,,
13/02/2026,10:34:55,Cafe americano pequeño,Datáfono,"Vittorio, Bakr","1,00 €",,,,,,,,,,,,,,
13/02/2026,10:40:47,Cafe solo pequeño,Datáfono,"Vittorio, Bakr","1,00 €",,,,,,,,,,,,,,
13/02/2026,10:39:54,Cafe con leche grande,Datáfono,"Vittorio, Bakr","1,00 €",,,,,,,,,,,,,,
13/02/2026,10:39:56,Cafe con leche grande,Datáfono,"Vittorio, Bakr","1,50 €",,,,,,,,,,,,,,
13/02/2026,11:39:15,Cafe con leche grande,Datáfono,"Vittorio, Bakr","2,50 €",,,,,,,,,,,,,,
13/02/2026,11:01:02,Cafe con leche grande,Datáfono,"Vittorio, Bakr","1,70 €",,,,,,,,,,,,,,
13/02/2026,11:58:17,Cafe con leche grande,Datáfono,"Vittorio, Bakr","1,20 €",,,,,,,,,,,,,,
13/02/2026,11:58:25,Sandwich pavo y queso,Datáfono,"Vittorio, Bakr","1,20 €",,,,,,,,,,,,,,
13/02/2026,11:02:41,Gofre,Datáfono,"Vittorio, Bakr","1,50 €",,,,,,,,,,,,,,
13/02/2026,11:38:36,Cafe con leche pequeño,Datáfono,"Vittorio, Bakr","1,50 €",,,,,,,,,,,,,,
13/02/2026,11:38:54,Redbull blanco,Datáfono,"Vittorio, Bakr","1,50 €",,,,,,,,,,,,,,
13/02/2026,11:58:03,Cafe con leche grande,Datáfono,"Vittorio, Bakr","1,50 €",,,,,,,,,,,,,,
13/02/2026,13:00:27,Pincho tortilla,Datáfono,"Vittorio, Bakr","1,50 €",,,,,,,,,,,,,,
16/02/2026,9:11:02,Cafe solo grande,Datáfono,"Adri, Sofía","2,50 €",,,,,,,,,,,,,,
16/02/2026,9:11:57,Redbull sin azucar,Datáfono,"Adri, Sofía","2,50 €",,,,,,,,,,,,,,
16/02/2026,9:44:54,Cafe solo pequeño,Datáfono,"Adri, Sofía","1,20 €",,,,,,,,,,,,,,
16/02/2026,9:45:09,Cafe sin lactosa grande,Datáfono,"Adri, Sofía","1,70 €",,,,,,,,,,,,,,
16/02/2026,10:06:35,Cafe con leche pequeño,Efectivo,"Adri, Sofía","1,50 €",,,,,,,,,,,,,,
16/02/2026,10:13:59,Agua,Datáfono,"Adri, Sofía","1,50 €",,,,,,,,,,,,,,
16/02/2026,10:14:25,Cafe con leche grande,Datáfono,"Adri, Sofía","1,50 €",,,,,,,,,,,,,,
16/02/2026,10:17:13,Cafe con leche grande,Datáfono,"Sofía, Adri","1,70 €",,,,,,,,,,,,,,
16/02/2026,10:39:54,Agua,Datáfono,"Sofía, Adri","1,20 €",,,,,,,,,,,,,,
16/02/2026,11:37:20,Pack desayuno sandwich,Efectivo,"Sofía, Adri","1,50 €",,,,,,,,,,,,,,
16/02/2026,11:59:26,Pack desayuno sandwich,Efectivo,"Sofía, Adri","1,20 €",,,,,,,,,,,,,,
16/02/2026,11:59:33,Sandwich pavo y queso,Datáfono,"Sofía, Adri","1,00 €",,,,,,,,,,,,,,
16/02/2026,11:59:40,Sandwich pavo y queso,Datáfono,"Sofía, Adri","1,50 €",,,,,,,,,,,,,,
16/02/2026,12:51:44,Cafe con leche grande,Efectivo,"Sofía, Adri","1,50 €",,,,,,,,,,,,,,
16/02/2026,13:03:59,Sandwich pavo y queso,Datáfono,"Sofía, Adri","1,00 €",,,,,,,,,,,,,,
16/02/2026,13:26:12,Agua,Datáfono,"Luca, Ángel","3,00 €",,,,,,,,,,,,,,
16/02/2026,13:26:24,Cafe sin lactosa pequeño,Datáfono,"Luca, Ángel","3,00 €",,,,,,,,,,,,,,
16/02/2026,14:20:02,Bocata lomo y queso,Datáfono,"Luca, Ángel","2,50 €",,,,,,,,,,,,,,
16/02/2026,14:20:06,Bocata lomo y queso,Datáfono,"Luca, Ángel","2,50 €",,,,,,,,,,,,,,
16/02/2026,15:51:31,Bocata lomo y queso,Datáfono,"Luca, Ángel","1,50 €",,,,,,,,,,,,,,
16/02/2026,15:52:02,Bocata lomo y queso,Datáfono,"Luca, Ángel","2,50 €",,,,,,,,,,,,,,
16/02/2026,15:52:22,Cafe con leche pequeño,Datáfono,"Luca, Ángel","1,00 €",,,,,,,,,,,,,,
16/02/2026,15:59:47,Cafe con leche grande,Datáfono,"Luca, Ángel","1,20 €",,,,,,,,,,,,,,
16/02/2026,17:06:57,Cafe con leche grande,Datáfono,"Luca, Ángel","4,00 €",,,,,,,,,,,,,,
17/02/2026,9:14:41,Cafe con leche grande,Datáfono,"Adri, Kawtar","4,00 €",,,,,,,,,,,,,,
17/02/2026,9:15:45,ColaCao,Datáfono,"Adri, Kawtar","4,00 €",era un te,,,,,,,,,,,,,
17/02/2026,10:02:04,Cafe con leche grande,Datáfono,"Adri, Kawtar","4,00 €",,,,,,,,,,,,,,
17/02/2026,10:35:53,Pack desayuno sandwich,Datáfono,"Adri, Bakr","1,20 €",,,,,,,,,,,,,,
17/02/2026,10:36:00,Cafe solo grande,Datáfono,"Adri, Bakr","1,50 €",,,,,,,,,,,,,,
17/02/2026,10:36:22,Cafe con leche grande,Datáfono,"Adri, Bakr","1,50 €",,,,,,,,,,,,,,
17/02/2026,11:13:30,Cafe americano pequeño,Datáfono,"Adri, Bakr","1,50 €",,,,,,,,,,,,,,
17/02/2026,11:27:36,Coca Cola Zero,Datáfono,"Adri, Bakr","1,20 €",,,,,,,,,,,,,,
17/02/2026,11:58:58,Pack desayuno sandwich,Datáfono,"Adri, Bakr","1,50 €",,,,,,,,,,,,,,
17/02/2026,11:59:05,Pack desayuno sandwich,Datáfono,"Adri, Bakr","3,00 €",,,,,,,,,,,,,,
17/02/2026,11:59:05,Sandwich pavo y queso,Datáfono,"Adri, Bakr","1,50 €",,,,,,,,,,,,,,
17/02/2026,11:59:30,Redbull sin azucar,Datáfono,"Adri, Bakr","1,50 €",,,,,,,,,,,,,,
17/02/2026,15:41:03,Cafe con leche pequeño,Efectivo,"Bakr, Elías","1,20 €",,,,,,,,,,,,,,
17/02/2026,16:02:25,Cafe con leche grande,Datáfono,"Bakr, Elías","1,20 €",,,,,,,,,,,,,,
22/02/2026,11:18:52,Pack dulce,Efectivo,"Bakr, Elías","3,00 €",,,,,,,,,,,,,,
17/02/2026,16:03:43,Cafe con leche pequeño,Datáfono,"Bakr, Elías","3,00 €",,,,,,,,,,,,,,
17/02/2026,16:03:58,Cafe con leche pequeño,Datáfono,"Bakr, Elías","2,50 €",,,,,,,,,,,,,,
17/02/2026,16:04:19,Sandwich pavo y queso,Datáfono,"Bakr, Elías","1,70 €",,,,,,,,,,,,,,
17/02/2026,16:04:29,Sandwich pavo y queso,Datáfono,"Bakr, Elías","1,20 €",,,,,,,,,,,,,,
17/02/2026,16:04:51,Coca Cola,Datáfono,"Bakr, Elías","1,50 €",,,,,,,,,,,,,,
17/02/2026,16:04:57,Coca Cola,Datáfono,"Bakr, Elías","3,25 €",,,,,,,,,,,,,,
17/02/2026,16:05:21,Pack desayuno sandwich,Datáfono,"Bakr, Elías","1,20 €",,,,,,,,,,,,,,
17/02/2026,16:05:33,Bocata lomo y queso,Datáfono,"Bakr, Elías","1,20 €",,,,,,,,,,,,,,
17/02/2026,16:05:52,Cafe con leche pequeño,Datáfono,"Bakr, Elías","2,50 €",,,,,,,,,,,,,,
,,,,,"2,50 €",,,,,,,,,,,,,,
17/02/2026,16:06:25,Pack desayuno sandwich,Datáfono,"Bakr, Elías","1,20 €",,,,,,,,,,,,,,
17/02/2026,16:06:57,Cafe con leche grande,Datáfono,"Bakr, Elías","1,20 €",,,,,,,,,,,,,,
17/02/2026,16:28:49,Cafe con leche grande,Datáfono,"Bakr, Elías","3,00 €",,,,,,,,,,,,,,
18/02/2026,9:10:29,Cafe con leche grande,Datáfono,"Claudia, Málaga","4,00 €",,,,,,,,,,,,,,
18/02/2026,9:10:51,Cafe con leche grande,Datáfono,"Claudia, Málaga","1,20 €",,,,,,,,,,,,,,
18/02/2026,9:11:08,ColaCao,Datáfono,"Claudia, Málaga",cubierto 20 cents,,,,,,,,,,,,,,
18/02/2026,9:13:42,Cafe solo grande,Datáfono,"Claudia, Málaga","3,00 €",,,,,,,,,,,,,,
18/02/2026,11:10:59,Cafe con leche grande,Datáfono,"Claudia, Málaga","1,50 €",,,,,,,,,,,,,,
18/02/2026,11:11:12,Pack desayuno sandwich,Datáfono,"Claudia, Málaga","1,50 €",,,,,,,,,,,,,,
18/02/2026,11:11:45,Cafe con leche grande,Datáfono,"Claudia, Málaga","1,50 €",,,,,,,,,,,,,,
18/02/2026,11:11:50,Cafe con leche grande,Efectivo,"Claudia, Málaga","1,50 €",,,,,,,,,,,,,,
18/02/2026,11:12:08,Redbull sin azucar,Datáfono,"Claudia, Málaga","1,20 €",,,,,,,,,,,,,,
18/02/2026,11:13:12,ColaCao,Datáfono,"Claudia, Málaga","1,50 €",TÉ,,,,,,,,,,,,,
18/02/2026,11:16:48,Cafe con leche grande,Datáfono,"Claudia, Málaga","1,50 €",,,,,,,,,,,,,,
18/02/2026,11:23:38,ColaCao,Datáfono,,"3,00 €",,,,,,,,,,,,,,
18/02/2026,11:27:46,Pack desayuno sandwich,Datáfono,,"1,50 €",,,,,,,,,,,,,,
18/02/2026,11:28:23,Agua,Datáfono,,"1,50 €",,,,,,,,,,,,,,
18/02/2026,12:11:33,Pack desayuno sandwich,Datáfono,,"1,70 €",,,,,,,,,,,,,,
18/02/2026,12:11:45,Pack desayuno sandwich,Datáfono,,"1,20 €",,,,,,,,,,,,,,
18/02/2026,12:59:02,Pack desayuno sandwich,Datáfono,,"1,50 €",,,,,,,,,,,,,,
18/02/2026,11:59:49,Pack desayuno sandwich,Efectivo,,"1,20 €",,,,,,,,,,,,,,
18/02/2026,12:01:16,Sandwich pavo y queso,Datáfono,,"3,00 €",,,,,,,,,,,,,,
18/02/2026,12:01:21,Sandwich pavo y queso,Datáfono,,"1,00 €",,,,,,,,,,,,,,
18/02/2026,12:05:55,Cafe con leche grande,Efectivo,,"3,00 €",,,,,,,,,,,,,,
18/02/2026,13:07:30,Coca Cola Zero,Datáfono,"Jose G, Canario","3,00 €",,,,,,,,,,,,,,
18/02/2026,13:11:37,Coca Cola,Efectivo,"Jose G, Canario","3,00 €",,,,,,,,,,,,,,
18/02/2026,13:28:54,Cafe con leche grande,Datáfono,"Jose G, Canario","3,00 €",,,,,,,,,,,,,,
18/02/2026,13:55:59,Cafe con leche grande,Datáfono,"Jose G, Canario","2,50 €",,,,,,,,,,,,,,
18/02/2026,13:56:51,Cafe con leche grande,Datáfono,"Jose G, Canario","2,50 €",,,,,,,,,,,,,,
18/02/2026,13:59:07,Cafe con leche grande,Datáfono,"Jose G, Canario","1,55 €",,,,,,,,,,,,,,
18/02/2026,13:59:14,Agua,Datáfono,"Jose G, Canario","1,20 €",,,,,,,,,,,,,,
18/02/2026,13:59:36,Cafe con leche grande,Efectivo,"Jose G, Canario","1,20 €",,,,,,,,,,,,,,
18/02/2026,14:00:00,Fanta de naranja,Datáfono,"Jose G, Canario","1,50 €",,,,,,,,,,,,,,
18/02/2026,14:00:04,Coca Cola Zero,Datáfono,"Jose G, Canario","1,50 €",,,,,,,,,,,,,,
18/02/2026,14:08:49,Sandwich pavo y queso,Efectivo,"Jose G, Canario","1,50 €",,,,,,,,,,,,,,
18/02/2026,14:39:17,Bocata lomo y queso,Datáfono,"Jose G, Canario","1,50 €",,,,,,,,,,,,,,
18/02/2026,14:39:22,Bocata lomo y queso,Datáfono,"Jose G, Canario","1,00 €",,,,,,,,,,,,,,
18/02/2026,14:39:43,Cafe con leche grande,Datáfono,"Jose G, Canario","1,50 €",,,,,,,,,,,,,,
18/02/2026,14:46:21,Fanta de naranja,Datáfono,"Jose G, Canario","1,20 €",,,,,,,,,,,,,,
18/02/2026,14:54:03,Cafe con leche grande,Datáfono,"Jose G, Canario","1,20 €",,,,,,,,,,,,,,
18/02/2026,15:28:21,Cafe con leche pequeño,Datáfono,"Jose G, Canario","2,50 €",,,,,,,,,,,,,,
18/02/2026,15:28:26,Cafe solo pequeño,Datáfono,"Jose G, Canario","4,00 €",,,,,,,,,,,,,,
18/02/2026,15:53:29,Bocata jamón,Datáfono,"Jose G, Canario","4,00 €",,,,,,,,,,,,,,
19/02/2026,10:29:04,Agua,Datáfono,"Mery, Álvaro","1,50 €",,,,,,,,,,,,,,
19/02/2026,10:29:44,Cafe con leche grande,Datáfono,"Mery, Álvaro","1,20 €",,,,,,,,,,,,,,
19/02/2026,10:30:43,Cafe con leche grande,Datáfono,"Mery, Álvaro","1,50 €",,,,,,,,,,,,,,
19/02/2026,10:30:22,Cafe con leche grande,Datáfono,"Mery, Álvaro","1,20 €",,,,,,,,,,,,,,
19/02/2026,10:32:03,Pincho tortilla,Datáfono,"Mery, Álvaro","1,20 €",,,,,,,,,,,,,,
19/02/2026,10:32:42,Cafe con leche grande,Datáfono,"Mery, Álvaro","4,00 €",,,,,,,,,,,,,,
19/02/2026,10:36:09,Cafe con leche grande,Datáfono,"Mery, Álvaro","1,00 €",,,,,,,,,,,,,,
19/02/2026,12:00:49,Pack desayuno sandwich,Datáfono,"Mery, Álvaro","1,50 €",,,,,,,,,,,,,,
19/02/2026,10:50:01,Cafe sin lactosa grande,Datáfono,"Álvaro, Mery","1,50 €",,,,,,,,,,,,,,
19/02/2026,11:13:28,Cafe con leche grande,Datáfono,"Álvaro, Mery","1,50 €",,,,,,,,,,,,,,
19/02/2026,11:59:20,Pincho tortilla,Datáfono,"Mery, Álvaro","1,50 €",,,,,,,,,,,,,,
19/02/2026,12:00:50,Pack desayuno sandwich,Datáfono,"Mery, Álvaro","1,50 €",,,,,,,,,,,,,,
19/02/2026,12:01:39,Cafe solo grande,Efectivo,"Mery, Álvaro","1,50 €",,,,,,,,,,,,,,
19/02/2026,12:08:56,Cafe americano pequeño,Datáfono,"Piti Piti, Sofía","3,00 €",,,,,,,,,,,,,,
19/02/2026,13:33:20,Cafe con leche grande,Datáfono,"Sofía, Piti Piti","1,50 €",,,,,,,,,,,,,,
19/02/2026,13:33:30,Coca Cola Zero,Datáfono,"Sofía, Piti Piti","1,50 €",,,,,,,,,,,,,,
19/02/2026,13:36:19,Pincho tortilla,Efectivo,"Sofía, Piti Piti","1,50 €",,,,,,,,,,,,,,
19/02/2026,13:40:25,Sandwich pavo y queso,Datáfono,"Sofía, Piti Piti","3,00 €",,,,,,,,,,,,,,
19/02/2026,14:15:20,Cafe con leche grande,Datáfono,"Sofía, Piti Piti","1,50 €",,,,,,,,,,,,,,
19/02/2026,14:56:35,Cafe solo grande,Efectivo,"Sofía, Piti Piti","1,20 €",,,,,,,,,,,,,,
19/02/2026,14:58:03,Agua,Datáfono,"Sofía, Piti Piti","1,50 €",,,,,,,,,,,,,,
19/02/2026,15:03:44,Cerveza,Efectivo,"Sofía, Piti Piti","1,20 €",,,,,,,,,,,,,,
19/02/2026,15:09:26,Bocata tortilla,Datáfono,"Sofía, Piti Piti","1,50 €",,,,,,,,,,,,,,
19/02/2026,15:36:44,Cafe con leche grande,Datáfono,"Sofía, Piti Piti","2,50 €",,,,,,,,,,,,,,
19/02/2026,15:56:34,Cafe con leche grande,Datáfono,"Sofía, Piti Piti","1,50 €",,,,,,,,,,,,,,
19/02/2026,16:24:35,Coca Cola,Datáfono,"Sofía, Aitana","1,50 €",,,,,,,,,,,,,,
19/02/2026,16:33:28,Cafe con leche grande,Datáfono,"Sofía, Aitana","1,00 €",,,,,,,,,,,,,,
20/02/2026,9:36:06,Cafe con leche grande,Datáfono,"Kawtar, Vittorio","1,50 €",,,,,,,,,,,,,,
20/02/2026,9:39:59,Cafe con leche grande,Datáfono,"Kawtar, Vittorio","4,00 €",,,,,,,,,,,,,,
20/02/2026,9:43:12,Cafe con leche grande,Datáfono,"Kawtar, Vittorio","1,50 €",,,,,,,,,,,,,,
20/02/2026,9:55:24,Cafe con leche grande,Datáfono,"Kawtar, Vittorio","1,50 €",,,,,,,,,,,,,,
20/02/2026,10:01:03,Cafe con leche pequeño,Efectivo,"Kawtar, Vittorio","1,20 €",,,,,,,,,,,,,,
20/02/2026,10:16:23,Pack desayuno sandwich,Datáfono,"Kawtar, Vittorio","1,50 €",,,,,,,,,,,,,,
20/02/2026,10:30:15,Redbull sin azucar,Datáfono,"Kawtar, Vittorio","1,50 €",,,,,,,,,,,,,,
20/02/2026,10:30:49,Sandwich pavo y queso,Datáfono,"Kawtar, Vittorio","1,50 €",,,,,,,,,,,,,,
20/02/2026,10:36:23,Pack desayuno sandwich,Datáfono,"Kawtar, Vittorio","1,50 €",,,,,,,,,,,,,,
20/02/2026,10:41:17,Cafe con leche grande,Datáfono,"Kawtar, Vittorio","1,50 €",,,,,,,,,,,,,,
20/02/2026,10:42:50,Pack desayuno sandwich,Datáfono,"Kawtar, Vittorio","1,20 €",,,,,,,,,,,,,,
20/02/2026,10:45:57,Cafe americano pequeño,Datáfono,"Kawtar, Vittorio","3,00 €",,,,,,,,,,,,,,
20/02/2026,10:53:15,Agua,Datáfono,"Kawtar, Vittorio","1,70 €",,,,,,,,,,,,,,
20/02/2026,11:07:29,Cafe con leche grande,Datáfono,"Kawtar, Vittorio","2,50 €",,,,,,,,,,,,,,
20/02/2026,11:18:24,Cafe solo grande,Efectivo,"Kawtar, Vittorio","3,00 €",,,,,,,,,,,,,,
20/02/2026,12:05:32,Cafe americano grande,Efectivo,"Kawtar, Vittorio","1,50 €",,,,,,,,,,,,,,
20/02/2026,13:31:45,Sandwich pavo y queso,Efectivo,Abrey,"3,00 €",,,,,,,,,,,,,,
20/02/2026,14:08:04,Sandwich pavo y queso,Datáfono,Bakr,"1,20 €",,,,,,,,,,,,,,
20/02/2026,14:08:51,Sandwich pavo y queso,Datáfono,Bakr,"1,00 €",,,,,,,,,,,,,,
20/02/2026,14:53:28,Cafe con leche grande,Datáfono,Bakr,"1,50 €",,,,,,,,,,,,,,
23/02/2026,9:32:03,Cafe con leche grande,Efectivo,"Ángel, Luca","1,50 €",,,,,,,,,,,,,,
23/02/2026,9:32:29,Cafe con leche grande,Datáfono,"Ángel, Luca","1,50 €",,,,,,,,,,,,,,
23/02/2026,9:32:46,Cafe con leche pequeño,Datáfono,"Ángel, Luca","2,50 €",,,,,,,,,,,,,,
23/02/2026,9:45:34,Cafe con leche grande,Datáfono,"Ángel, Luca","2,50 €",,,,,,,,,,,,,,
23/02/2026,10:12:37,Cafe con leche grande,Datáfono,"Ángel, Luca","2,50 €",1 centimo de propina por parte de elias,,,,,,,,,,,,,
23/02/2026,10:46:23,Cafe con leche grande,Datáfono,"Ángel, Luca","1,50 €",,,,,,,,,,,,,,
23/02/2026,11:08:13,Cafe con leche pequeño,Efectivo,"Ángel, Luca","1,50 €",,,,,,,,,,,,,,
23/02/2026,11:19:00,Cafe con leche grande,Datáfono,"Luca, Ángel","1,50 €",,,,,,,,,,,,,,
23/02/2026,11:22:01,Sandwich pavo y queso,Datáfono,"Luca, Ángel","1,20 €",,,,,,,,,,,,,,
23/02/2026,11:42:28,Cafe sin lactosa grande,Datáfono,"Luca, Ángel","1,50 €",,,,,,,,,,,,,,
23/02/2026,11:42:46,Cafe con leche grande,Datáfono,"Luca, Ángel","1,50 €",,,,,,,,,,,,,,
23/02/2026,11:55:23,Cafe con leche grande,Datáfono,"Luca, Ángel","1,50 €",,,,,,,,,,,,,,
23/02/2026,11:59:16,Cafe sin lactosa pequeño,Efectivo,"Luca, Ángel","1,20 €",,,,,,,,,,,,,,
23/02/2026,11:59:54,Pack desayuno sandwich,Datáfono,"Luca, Ángel","1,50 €",,,,,,,,,,,,,,
23/02/2026,12:11:34,Cafe con leche pequeño,Datáfono,"Luca, Ángel","2,50 €",,,,,,,,,,,,,,
23/02/2026,12:43:46,Cafe solo grande,Efectivo,"Luca, Málaga","1,50 €",,,,,,,,,,,,,,
23/02/2026,12:49:57,Cafe con leche pequeño,Datáfono,"Luca, Málaga","1,50 €",,,,,,,,,,,,,,
,,Cafe solo pequeño,Datáfono,"Luca, Málaga","1,50 €",,,,,,,,,,,,,,
23/02/2026,14:08:11,Sandwich pavo y queso,Datáfono,"Piti Piti, Adri","1,20 €",,,,,,,,,,,,,,
23/02/2026,14:08:05,Sandwich pavo y queso,Datáfono,"Piti Piti, Adri","3,00 €",,,,,,,,,,,,,,
23/02/2026,14:15:51,Bocata lomo y queso,Datáfono,"Piti Piti, Adri","1,20 €",,,,,,,,,,,,,,
23/02/2026,14:16:08,Bocata lomo y queso,Datáfono,"Piti Piti, Adri","1,50 €",,,,,,,,,,,,,,
23/02/2026,14:23:30,Cafe con leche grande,Datáfono,"Piti Piti, Adri","1,20 €", ,,,,,,,,,,,,,
23/02/2026,15:05:49,Cafe con leche pequeño,Datáfono,"Piti Piti, Adri","1,20 €",,,,,,,,,,,,,,
23/02/2026,16:47:57,Pack dulce,Efectivo,"Piti Piti, Adri","2,50 €",,,,,,,,,,,,,,
23/02/2026,16:57:04,Cafe con leche pequeño,Datáfono,"Piti Piti, Adri","2,50 €",,,,,,,,,,,,,,
24/02/2026,9:09:43,Cafe sin lactosa grande,Datáfono,"Abrey, Bakr","4,00 €",,,,,,,,,,,,,,
24/02/2026,10:11:11,Cafe con leche grande,Datáfono,"Abrey, Piti Piti","4,00 €",,,,,,,,,,,,,,
24/02/2026,10:18:56,Cafe con leche grande,Datáfono,"Abrey, Piti Piti","1,50 €",,,,,,,,,,,,,,
,,Cafe con leche grande,Datáfono,"Abrey, Piti Piti","1,20 €",,,,,,,,,,,,,,
,,Cafe con leche grande,Datáfono,"Abrey, Piti Piti","3,25 €",,,,,,,,,,,,,,
24/02/2026,10:33:41,Cafe con leche grande,Efectivo,"Abrey, Piti Piti","1,20 €",,,,,,,,,,,,,,
24/02/2026,10:33:51,Cafe con leche pequeño,Datáfono,"Abrey, Piti Piti","1,50 €",,,,,,,,,,,,,,
24/02/2026,10:44:22,Cafe con leche pequeño,Datáfono,"Abrey, Piti Piti","1,50 €",,,,,,,,,,,,,,
24/02/2026,11:28:27,Pack desayuno tostada,Datáfono,"Abrey, Bakr","1,50 €",,,,,,,,,,,,,,
24/02/2026,11:28:56,Cafe con leche grande,Datáfono,"Abrey, Bakr","1,50 €",,,,,,,,,,,,,,
24/02/2026,11:28:59,Sandwich pavo y queso,Datáfono,"Abrey, Bakr","1,50 €",,,,,,,,,,,,,,
24/02/2026,11:29:03,Sandwich pavo y queso,Datáfono,"Abrey, Bakr","1,50 €",,,,,,,,,,,,,,
24/02/2026,11:41:45,Pincho tortilla,Datáfono,"Abrey, Bakr","1,20 €",,,,,,,,,,,,,,
24/02/2026,11:41:51,Cafe con leche pequeño,Datáfono,"Abrey, Bakr","1,20 €",,,,,,,,,,,,,,
24/02/2026,11:41:53,Cafe con leche pequeño,Datáfono,"Abrey, Bakr","2,70 €",,,,,,,,,,,,,,
24/02/2026,11:46:08,Pack desayuno tostada,Datáfono,"Abrey, Bakr","1,50 €",ha pagado 3€ porque el cafe era grande,,,,,,,,,,,,,
24/02/2026,11:50:55,Pack desayuno sandwich,Efectivo,"Abrey, Bakr","2,50 €",cafe grande,,,,,,,,,,,,,
24/02/2026,12:41:04,Cafe con leche pequeño,Datáfono,"Mery, Álvaro","2,50 €",,,,,,,,,,,,,,
24/02/2026,13:02:24,Pack comida tortilla,Datáfono,"Mery, Álvaro","1,50 €",,,,,,,,,,,,,,
24/02/2026,13:05:56,Gofre,Datáfono,"Mery, Álvaro","1,20 €",,,,,,,,,,,,,,
24/02/2026,13:06:16,Gofre,Datáfono,"Mery, Álvaro","1,20 €",,,,,,,,,,,,,,
24/02/2026,14:45:23,Pincho tortilla,Datáfono,"Mery, Álvaro","3,00 €",,,,,,,,,,,,,,
24/02/2026,14:46:40,Cafe solo grande,Efectivo,"Mery, Álvaro","3,25 €",,,,,,,,,,,,,,
24/02/2026,14:50:46,Cafe con leche pequeño,Efectivo,"Mery, Álvaro","1,20 €",,,,,,,,,,,,,,
24/02/2026,15:13:14,Pincho tortilla,Datáfono,"Lastra, Kawtar","4,75 €",,,,,,,,,,,,,,
24/02/2026,15:13:21,Pincho tortilla,Datáfono,"Lastra, Kawtar","2,50 €",se han cobrado 40 cents por cubiertos,,,,,,,,,,,,,
24/02/2026,15:14:23,Redbull sin azucar,Datáfono,"Kawtar, Lastra","2,50 €",,,,,,,,,,,,,,
24/02/2026,15:17:34,Bocata lomo y queso,Datáfono,"Kawtar, Lastra","1,50 €",,,,,,,,,,,,,,
24/02/2026,15:25:01,Bocata lomo y queso,Datáfono,"Kawtar, Lastra","1,50 €",,,,,,,,,,,,,,
24/02/2026,15:25:41,Cafe con leche pequeño,Datáfono,"Lastra, Kawtar","1,20 €",,,,,,,,,,,,,,
24/02/2026,15:32:44,Bocata lomo y queso,Datáfono,"Kawtar, Lastra","1,50 €",,,,,,,,,,,,,,
24/02/2026,15:41:28,Cafe con leche grande,Datáfono,"Kawtar, Lastra","1,50 €",,,,,,,,,,,,,,
24/02/2026,15:53:28,Cafe con leche pequeño,Datáfono,"Kawtar, Lastra","1,70 €",,,,,,,,,,,,,,
24/02/2026,16:02:08,Cafe con leche grande,Datáfono,"Kawtar, Lastra","4,00 €",,,,,,,,,,,,,,
25/02/2026,8:53:51,Cafe con leche grande,Datáfono,"Jose G, Canario","4,00 €",,,,,,,,,,,,,,
25/02/2026,8:54:35,Cafe solo grande,Datáfono,"Jose G, Canario","1,20 €",,,,,,,,,,,,,,
25/02/2026,8:54:48,Redbull blanco,Datáfono,"Jose G, Canario","4,00 €",Es el redbull normal,,,,,,,,,,,,,
25/02/2026,9:13:10,Pack desayuno sandwich,Datáfono,"Jose G, Canario","1,50 €",,,,,,,,,,,,,,
25/02/2026,9:23:18,Cafe con leche grande,Datáfono,"Jose G, Canario","1,20 €",,,,,,,,,,,,,,
25/02/2026,9:23:32,Cafe con leche grande,Datáfono,"Jose G, Canario","1,50 €",,,,,,,,,,,,,,
25/02/2026,11:28:29,Redbull sin azucar,Datáfono,"Jose G, Canario","1,50 €",,,,,,,,,,,,,,
25/02/2026,11:28:39,Agua,Datáfono,"Jose G, Canario","1,50 €",,,,,,,,,,,,,,
25/02/2026,11:28:37,Agua,Datáfono,"Jose G, Canario","1,70 €",,,,,,,,,,,,,,
25/02/2026,11:28:57,Cafe con leche grande,Datáfono,"Jose G, Canario","3,00 €",,,,,,,,,,,,,,
25/02/2026,11:29:02,Pincho tortilla,Datáfono,"Jose G, Canario","1,50 €",,,,,,,,,,,,,,
25/02/2026,11:55:59,Sandwich pavo y queso,Datáfono,Bakr,"1,50 €",,,,,,,,,,,,,,
25/02/2026,11:55:58,Sandwich pavo y queso,Datáfono,Bakr,"1,70 €",,,,,,,,,,,,,,
25/02/2026,11:56:19,Cafe solo pequeño,Datáfono,Bakr,"1,00 €",,,,,,,,,,,,,,
25/02/2026,11:56:54,Cafe con leche grande,Datáfono,Bakr,"1,00 €",,,,,,,,,,,,,,
25/02/2026,11:56:57,Cafe con leche grande,Datáfono,Bakr,"1,50 €",,,,,,,,,,,,,,
25/02/2026,11:57:01,Cafe con leche grande,Datáfono,Bakr,"1,50 €",,,,,,,,,,,,,,
25/02/2026,12:16:11,Pack TLS,Efectivo,"Jose G, Bakr","2,50 €",,,,,,,,,,,,,,
25/02/2026,12:16:15,Pack TLS,,"Jose G, Bakr","2,50 €",,,,,,,,,,,,,,
25/02/2026,12:16:19,Pack TLS,Datáfono,"Jose G, Bakr","1,20 €",,,,,,,,,,,,,,
25/02/2026,12:16:24,Pack TLS,Datáfono,"Jose G, Bakr","1,50 €",,,,,,,,,,,,,,
25/02/2026,12:48:18,Cafe solo pequeño,Datáfono,"Jose G, Canario, Abrey","1,50 €",,,,,,,,,,,,,,
25/02/2026,13:26:21,Cafe con leche grande,Datáfono,"Aitana, Claudia","1,50 €",,,,,,,,,,,,,,
25/02/2026,13:26:29,Cafe con leche grande,Datáfono,"Aitana, Claudia","2,25 €",,,,,,,,,,,,,,
25/02/2026,13:26:35,Pack desayuno sandwich,Datáfono,"Aitana, Claudia","2,25 €",,,,,,,,,,,,,,
25/02/2026,13:26:50,Sandwich pavo y queso,Efectivo,"Aitana, Claudia","2,25 €",,,,,,,,,,,,,,
25/02/2026,13:50:27,Bocata lomo y queso,Datáfono,"Aitana, Claudia","2,25 €",,,,,,,,,,,,,,
25/02/2026,14:03:39,Sandwich pavo y queso,Efectivo,"Aitana, Claudia","1,20 €",,,,,,,,,,,,,,
25/02/2026,14:14:44,Pincho tortilla,Datáfono,"Aitana, Claudia","1,50 €",,,,,,,,,,,,,,
25/02/2026,14:14:47,Pincho tortilla,Datáfono,"Aitana, Claudia","1,50 €",,,,,,,,,,,,,,
25/02/2026,14:29:47,Sandwich pavo y queso,Datáfono,"Aitana, Claudia","3,00 €",,,,,,,,,,,,,,
25/02/2026,14:29:50,Sandwich pavo y queso,Datáfono,"Aitana, Claudia","2,50 €",,,,,,,,,,,,,,
25/02/2026,14:33:45,Sandwich pavo y queso,Datáfono,"Aitana, Claudia","4,00 €",,,,,,,,,,,,,,
25/02/2026,14:39:09,Gofre,Datáfono,"Aitana, Claudia","2,50 €",,,,,,,,,,,,,,
25/02/2026,14:50:13,Bocata lomo y queso,Datáfono,"Aitana, Claudia","1,50 €",,,,,,,,,,,,,,
25/02/2026,15:15:37,Bocata lomo y queso,Datáfono,"Aitana, Claudia","1,50 €",,,,,,,,,,,,,,
25/02/2026,15:38:42,Pack dulce,Datáfono,"Aitana, Claudia","2,50 €",,,,,,,,,,,,,,
25/02/2026,15:26:14,Cafe con leche grande,Datáfono,"Aitana, Claudia","2,50 €",,,,,,,,,,,,,,
25/02/2026,15:26:30,Pack dulce,Datáfono,"Aitana, Claudia","2,50 €",,,,,,,,,,,,,,
25/02/2026,15:46:49,Cafe con leche grande,Datáfono,"Aitana, Claudia","2,50 €",,,,,,,,,,,,,,
25/02/2026,15:46:59,Cafe con leche pequeño,Efectivo,"Aitana, Claudia","4,00 €",,,,,,,,,,,,,,
26/02/2026,12:37:29,Sandwich pavo y queso,Datáfono,"Mery, Álvaro","4,00 €",,,,,,,,,,,,,,
26/02/2026,12:37:45,Cafe con leche pequeño,Datáfono,"Mery, Álvaro","3,25 €",,,,,,,,,,,,,,
26/02/2026,12:37:54,Cafe con leche grande,Datáfono,"Mery, Álvaro","1,50 €",,,,,,,,,,,,,,
26/02/2026,12:38:06,Agua,Datáfono,"Mery, Álvaro","3,25 €",,,,,,,,,,,,,,
26/02/2026,12:38:08,Agua,Datáfono,"Mery, Álvaro","1,50 €",,,,,,,,,,,,,,
26/02/2026,12:38:11,Sandwich pavo y queso,Datáfono,"Mery, Álvaro","1,20 €",,,,,,,,,,,,,,
26/02/2026,12:38:23,Cafe con leche grande,Datáfono,"Mery, Álvaro","2,50 €",,,,,,,,,,,,,,
26/02/2026,12:38:24,Cafe con leche grande,Datáfono,"Mery, Álvaro","1,20 €",,,,,,,,,,,,,,
26/02/2026,12:38:30,Sandwich pavo y queso,Datáfono,"Mery, Álvaro","1,50 €",,,,,,,,,,,,,,
26/02/2026,12:38:57,Pack desayuno sandwich,Datáfono,"Mery, Álvaro","1,00 €",,,,,,,,,,,,,,
26/02/2026,12:38:53,Pack desayuno sandwich,Datáfono,"Mery, Álvaro","1,00 €",,,,,,,,,,,,,,
26/02/2026,12:38:59,Pack desayuno sandwich,Efectivo,"Mery, Álvaro","2,50 €",,,,,,,,,,,,,,
26/02/2026,12:39:16,Cafe con leche grande,Efectivo,"Mery, Álvaro","1,50 €",,,,,,,,,,,,,,
26/02/2026,13:15:30,Sandwich pavo y queso,Datáfono,"Aitana, Elías","1,50 €",,,,,,,,,,,,,,
26/02/2026,13:15:31,Sandwich pavo y queso,Datáfono,"Aitana, Elías","2,50 €",,,,,,,,,,,,,,
26/02/2026,13:15:45,Bocata lomo y queso,Datáfono,"Aitana, Elías","3,00 €",,,,,,,,,,,,,,
26/02/2026,14:23:09,Coca Cola,Datáfono,,"3,00 €",,,,,,,,,,,,,,
26/02/2026,14:23:17,Coca Cola Zero,Efectivo,,"3,00 €",,,,,,,,,,,,,,
26/02/2026,14:23:35,Cafe con leche pequeño,Efectivo,,"1,50 €",,,,,,,,,,,,,,
26/02/2026,15:17:18,Coca Cola,Datáfono,"Sofía, Villasante","2,50 €",,,,,,,,,,,,,,
26/02/2026,15:17:24,Fanta de naranja,Datáfono,"Sofía, Villasante","2,50 €",,,,,,,,,,,,,,
26/02/2026,15:37:22,Pack dulce,Datáfono,"Sofía, Villasante","4,00 €",,,,,,,,,,,,,,
26/02/2026,16:17:38,vaso de agua ,Datáfono,"Sofía, Villasante","1,20 €",,,,,,,,,,,,,,
26/02/2026,16:21:12,tenedor y cuchillo ,,"Villasante, Sofía","1,20 €",,,,,,,,,,,,,,
26/02/2026,16:32:06,Cafe con leche grande,Datáfono,"Villasante, Sofía","1,20 €",,,,,,,,,,,,,,
26/02/2026,16:32:55,vaso ,Datáfono,"Villasante, Sofía","1,20 €",,,,,,,,,,,,,,
26/02/2026,16:34:01,cafe pequeño  gratis ,,"Villasante, Sofía","1,20 €",,,,,,,,,,,,,,
27/02/2026,9:03:28,Cafe americano grande,Datáfono,Vittorio,"3,25 €",,,,,,,,,,,,,,
27/02/2026,9:03:31,Cafe americano grande,Datáfono,Vittorio,"0,20 €",,,,,,,,,,,,,,
27/02/2026,9:22:16,Cafe con leche grande,Datáfono,"Vittorio, Luca","0,20 €",,,,,,,,,,,,,,
27/02/2026,9:31:03,Cafe con leche pequeño,Datáfono,"Vittorio, Luca","1,50 €",,,,,,,,,,,,,,
27/02/2026,9:35:08,Cafe con leche grande,Datáfono,"Vittorio, Luca",,,,,,,,,,,,,,,
27/02/2026,10:06:05,Pack desayuno sandwich,Datáfono,"Vittorio, Luca",,,,,,,,,,,,,,,
27/02/2026,10:15:18,Tostada jamón,Datáfono,"Vittorio, Luca","1,50 €",,,,,,,,,,,,,,
27/02/2026,10:18:04,Cafe con leche grande,Datáfono,"Vittorio, Luca","1,50 €",,,,,,,,,,,,,,
27/02/2026,11:44:40,Cafe con leche pequeño,,"Vittorio, Luca","1,50 €",,,,,,,,,,,,,,
27/02/2026,10:21:03,Tostada tomate y aceite,Datáfono,"Vittorio, Luca","1,20 €",,,,,,,,,,,,,,
27/02/2026,10:21:33,Cafe con leche grande,Efectivo,"Vittorio, Luca","1,50 €",,,,,,,,,,,,,,
27/02/2026,10:32:15,Pack TLS,Datáfono,"Vittorio, Luca","3,00 €",,,,,,,,,,,,,,
27/02/2026,10:39:33,Pack TLS,Efectivo,"Vittorio, Luca","2,50 €",,,,,,,,,,,,,,
27/02/2026,11:24:14,Aquarius de limon,Datáfono,"Vittorio, Luca","1,50 €",,,,,,,,,,,,,,
27/02/2026,11:44:12,Cafe con leche pequeño,Datáfono,"Vittorio, Luca",Cafe gratis,,,,,,,,,,,,,,
27/02/2026,11:44:29,Sandwich pavo y queso,Datáfono,"Vittorio, Luca","2,00 €",,,,,,,,,,,,,,
27/02/2026,12:14:15,Cafe con leche grande,Datáfono,"Vittorio, Luca","1,50 €",,,,,,,,,,,,,,
27/02/2026,12:14:19,Cafe con leche grande,Datáfono,"Vittorio, Luca","2,25 €",,,,,,,,,,,,,,
27/02/2026,12:14:31,Pack desayuno sandwich,Datáfono,"Vittorio, Luca","2,50 €",,,,,,,,,,,,,,
27/02/2026,12:30:29,Pack desayuno sandwich,Datáfono,"Vittorio, Luca","1,20 €",,,,,,,,,,,,,,
27/02/2026,12:30:36,Pack desayuno sandwich,Datáfono,"Vittorio, Luca","1,20 €",,,,,,,,,,,,,,
27/02/2026,12:30:51,Bocata lomo y queso,Datáfono,Vittorio,"2,50 €",,,,,,,,,,,,,,
27/02/2026,12:45:38,Redbull sin azucar,Datáfono,Vittorio,"1,50 €",,,,,,,,,,,,,,
27/02/2026,13:24:41,Sandwich pavo y queso,Datáfono,Vittorio,"1,50 €",,,,,,,,,,,,,,
27/02/2026,13:24:47,Fanta de naranja,Datáfono,Vittorio,"3,00 €",,,,,,,,,,,,,,
27/02/2026,14:10:20,Fanta de naranja,Datáfono,Vittorio,"3,00 €",,,,,,,,,,,,,,
02/03/2026,9:41:43,Cafe con leche grande,Datáfono,Kawtar,"3,00 €",,,,,,,,,,,,,,
02/03/2026,9:41:40,Cafe con leche grande,Datáfono,Kawtar,"4,00 €",,,,,,,,,,,,,,
,,Cafe con leche grande,Datáfono,Kawtar,"1,70 €",,,,,,,,,,,,,,
02/03/2026,9:41:41,Cafe con leche grande,Datáfono,Kawtar,"2,50 €",,,,,,,,,,,,,,
02/03/2026,10:11:01,Cafe con leche grande,Datáfono,"Kawtar, Elías","1,20 €",,,,,,,,,,,,,,
02/03/2026,10:11:13,Cafe con leche grande,Datáfono,"Kawtar, Elías","1,20 €",,,,,,,,,,,,,,
02/03/2026,10:11:17,Cafe sin lactosa grande,Datáfono,"Kawtar, Elías","1,50 €",,,,,,,,,,,,,,
02/03/2026,10:11:18,Cafe con leche grande,Datáfono,"Kawtar, Elías","1,50 €",,,,,,,,,,,,,,
02/03/2026,10:11:31,Cafe con leche grande,Datáfono,"Elías, Kawtar","1,50 €",,,,,,,,,,,,,,
02/03/2026,10:11:41,Cafe con leche grande,Datáfono,"Kawtar, Elías","1,50 €",,,,,,,,,,,,,,
02/03/2026,10:11:42,Cafe con leche grande,Efectivo,"Elías, Kawtar","1,50 €",,,,,,,,,,,,,,
,,Aquarius de limon,Datáfono,"Kawtar, Elías","1,50 €",,,,,,,,,,,,,,
02/03/2026,10:19:02,Cafe sin lactosa pequeño,Datáfono,"Kawtar, Elías","1,50 €",,,,,,,,,,,,,,
02/03/2026,10:19:07,Cafe con leche grande,Datáfono,"Kawtar, Elías","1,50 €",,,,,,,,,,,,,,
02/03/2026,10:20:37,Cafe con leche grande,Datáfono,"Kawtar, Elías","1,50 €",,,,,,,,,,,,,,
02/03/2026,10:44:03,Cafe con leche pequeño,Efectivo,"Kawtar, Elías","1,50 €",,,,,,,,,,,,,,
02/03/2026,11:04:19,Cafe con leche grande,Datáfono,"Kawtar, Elías","1,50 €",,,,,,,,,,,,,,
02/03/2026,11:04:25,Sandwich pavo y queso,Datáfono,"Kawtar, Elías","1,20 €",,,,,,,,,,,,,,
02/03/2026,11:13:00,Pack TLS,Datáfono,"Kawtar, Elías","1,20 €",,,,,,,,,,,,,,
02/03/2026,11:15:16,Sandwich pavo y queso,Efectivo,"Kawtar, Elías","1,50 €",,,,,,,,,,,,,,
02/03/2026,11:15:17,Bocata lomo y queso,Datáfono,"Kawtar, Elías","1,50 €",,,,,,,,,,,,,,
02/03/2026,11:27:33,Sandwich pavo y queso,Efectivo,"Kawtar, Elías","1,20 €",,,,,,,,,,,,,,
02/03/2026,11:41:05,Sandwich pavo y queso,Efectivo,"Kawtar, Elías","1,50 €",,,,,,,,,,,,,,
02/03/2026,11:45:04,Coca Cola Zero,Datáfono,"Kawtar, Elías","2,50 €",,,,,,,,,,,,,,
02/03/2026,11:53:53,Cafe solo pequeño,Datáfono,"Kawtar, Elías","2,25 €",,,,,,,,,,,,,,
02/03/2026,12:14:26,Pincho tortilla,Datáfono,"Kawtar, Ángel","2,50 €",,,,,,,,,,,,,,
02/03/2026,12:50:11,Pack desayuno sandwich,Datáfono,"Kawtar, Ángel","4,00 €",,,,,,,,,,,,,,
02/03/2026,12:50:20,Agua,Datáfono,"Kawtar, Ángel","2,50 €",,,,,,,,,,,,,,
02/03/2026,12:58:47,Bocata lomo y queso,Datáfono,"Kawtar, Ángel","2,50 €",,,,,,,,,,,,,,
02/03/2026,12:59:02,Cafe con leche grande,Datáfono,"Kawtar, Ángel","1,20 €",,,,,,,,,,,,,,
02/03/2026,13:58:55,Pincho tortilla,Datáfono,"Abrey, Vittorio","1,20 €",,,,,,,,,,,,,,
02/03/2026,13:58:59,Pincho tortilla,Datáfono,"Abrey, Vittorio","1,50 €",,,,,,,,,,,,,,
02/03/2026,14:24:10,Sandwich pavo y queso,Datáfono,"Abrey, Vittorio","3,00 €",,,,,,,,,,,,,,
02/03/2026,14:24:33,Sandwich pavo y queso,Datáfono,"Abrey, Vittorio","1,00 €",,,,,,,,,,,,,,
02/03/2026,14:57:21,Cafe americano pequeño,Efectivo,"Abrey, Vittorio","4,00 €",,,,,,,,,,,,,,
02/03/2026,15:05:40,Sandwich pavo y queso,Datáfono,"Abrey, Vittorio","1,50 €",,,,,,,,,,,,,,
02/03/2026,15:06:08,Bocata lomo y queso,Datáfono,"Abrey, Vittorio","1,50 €",,,,,,,,,,,,,,
02/03/2026,15:54:48,Cafe con leche grande,Datáfono,"Abrey, Vittorio","1,50 €",,,,,,,,,,,,,,
02/03/2026,15:54:54,Cafe con leche grande,Datáfono,"Abrey, Vittorio","2,50 €",,,,,,,,,,,,,,
03/03/2026,9:33:35,Cafe con leche grande,Datáfono,"Aitana, Piti Piti","2,50 €",,,,,,,,,,,,,,
03/03/2026,10:38:13,Pack desayuno sandwich,Datáfono,"Aitana, Piti Piti","1,20 €",,,,,,,,,,,,,,
03/03/2026,11:03:09,Sandwich pavo y queso,Datáfono,"Aitana, Piti Piti","2,50 €",,,,,,,,,,,,,,
03/03/2026,11:03:31,Cafe solo pequeño,Datáfono,"Aitana, Piti Piti","4,00 €",,,,,,,,,,,,,,
03/03/2026,11:17:12,Cafe con leche grande,Datáfono,"Aitana, Piti Piti","1,50 €",,,,,,,,,,,,,,
,,,Datáfono,"Aitana, Piti Piti","1,50 €",Barrita de proteína ,,,,,,,,,,,,,
03/03/2026,11:52:20,Cafe con leche grande,Datáfono,"Aitana, Piti Piti","1,50 €",,,,,,,,,,,,,,
03/03/2026,11:52:39,Cafe con leche grande,Datáfono,"Aitana, Piti Piti","3,00 €",,,,,,,,,,,,,,
03/03/2026,11:52:43,Sandwich pavo y queso,Datáfono,"Aitana, Piti Piti","2,50 €",,,,,,,,,,,,,,
03/03/2026,11:52:48,Cafe con leche pequeño,Datáfono,"Aitana, Piti Piti","1,20 €",,,,,,,,,,,,,,
03/03/2026,15:45:33,Cafe con leche pequeño,Datáfono,"Luca, Ángel","1,50 €",,,,,,,,,,,,,,
03/03/2026,15:48:37,Cafe con leche pequeño,Datáfono,"Luca, Ángel","2,50 €",,,,,,,,,,,,,,
03/03/2026,15:45:40,Cafe con leche pequeño,Datáfono,"Luca, Ángel","1,50 €",,,,,,,,,,,,,,
03/03/2026,15:46:00,Bocata lomo y queso,Datáfono,"Luca, Ángel","1,50 €",,,,,,,,,,,,,,
03/03/2026,15:46:10,Pincho tortilla,Datáfono,"Luca, Ángel","2,50 €",,,,,,,,,,,,,,
03/03/2026,15:46:12,Pincho tortilla,Datáfono,"Luca, Ángel","1,20 €",,,,,,,,,,,,,,
03/03/2026,17:14:42,Cafe con leche grande,Datáfono,,"1,20 €",,,,,,,,,,,,,,
03/03/2026,17:18:27,Cafe con leche grande,Datáfono,,"1,20 €",,,,,,,,,,,,,,
03/03/2026,17:18:40,ColaCao,Datáfono,,"1,20 €",,,,,,,,,,,,,,
03/03/2026,17:19:37,Cafe con leche grande,Datáfono,,"4,00 €",,,,,,,,,,,,,,
03/03/2026,17:19:40,Cafe con leche grande,Datáfono,,"1,50 €",,,,,,,,,,,,,,
03/03/2026,17:19:55,Coca Cola Zero,Datáfono,,"1,50 €",,,,,,,,,,,,,,
03/03/2026,17:20:07,Sandwich pavo y queso,Datáfono,,"1,50 €",,,,,,,,,,,,,,
03/03/2026,17:20:21,Cafe americano pequeño,Datáfono,,"1,50 €",10 CENT EN EFECIVO,,,,,,,,,,,,,
03/03/2026,17:20:30,Cafe con leche grande,Datáfono,,"1,20 €",,,,,,,,,,,,,,
03/03/2026,17:20:34,Cafe con leche grande,Datáfono,,"1,50 €",,,,,,,,,,,,,,
03/03/2026,17:20:55,Cafe sin lactosa pequeño,Datáfono,,"1,50 €",,,,,,,,,,,,,,
03/03/2026,17:21:01,Gofre,Datáfono,,"1,20 €",,,,,,,,,,,,,,
03/03/2026,17:21:24,Cafe con leche pequeño,Efectivo,,"2,50 €",,,,,,,,,,,,,,
03/03/2026,17:21:34,Agua,Datáfono,,"1,20 €",,,,,,,,,,,,,,
03/03/2026,17:21:44,Cafe con leche pequeño,Datáfono,,"1,50 €",,,,,,,,,,,,,,
04/03/2026,10:10:04,Cafe con leche grande,Datáfono,"Villasante, Bakr","1,50 €",,,,,,,,,,,,,,
04/03/2026,10:10:22,Cafe con leche grande,Datáfono,"Villasante, Bakr","1,20 €",,,,,,,,,,,,,,
04/03/2026,10:31:12,Cafe solo pequeño,Datáfono,"Villasante, Bakr","2,50 €",,,,,,,,,,,,,,
04/03/2026,10:55:56,Cafe solo pequeño,Efectivo,"Villasante, Canario","1,20 €",,,,,,,,,,,,,,
04/03/2026,10:56:42,Cafe con leche pequeño,Efectivo,"Canario, Villasante","1,00 €",,,,,,,,,,,,,,
04/03/2026,11:07:07,Cafe con leche grande,Datáfono,"Canario, Villasante","1,20 €",,,,,,,,,,,,,,
04/03/2026,11:12:01,Cafe con leche grande,Datáfono,"Canario, Villasante","1,50 €",,,,,,,,,,,,,,
04/03/2026,11:12:51,Cafe con leche grande,Datáfono,"Canario, Villasante","1,50 €",,,,,,,,,,,,,,
04/03/2026,11:14:23,Cafe con leche pequeño,Datáfono,"Villasante, Canario","1,20 €",,,,,,,,,,,,,,
04/03/2026,11:14:48,Cafe con leche pequeño,Datáfono,"Villasante, Canario","1,20 €",,,,,,,,,,,,,,
04/03/2026,11:15:17,barra proteinas ,Datáfono,"Villasante, Canario","1,20 €",,,,,,,,,,,,,,
04/03/2026,11:36:34,Tostada tomate y aceite,Datáfono,"Villasante, Canario","1,50 €",,,,,,,,,,,,,,
04/03/2026,11:46:48,Pack desayuno sandwich,Datáfono,"Canario, Villasante","1,50 €",,,,,,,,,,,,,,
04/03/2026,11:55:01,Sandwich pavo y queso,Datáfono,"Canario, Villasante","1,50 €",,,,,,,,,,,,,,
04/03/2026,11:55:13,Coca Cola Zero,Datáfono,"Villasante, Canario","1,20 €",,,,,,,,,,,,,,
04/03/2026,11:55:21,Coca Cola,Datáfono,"Villasante, Canario","1,20 €",,,,,,,,,,,,,,
04/03/2026,12:20:11,Cafe con leche grande,Datáfono,"Canario, Villasante","2,50 €",,,,,,,,,,,,,,
04/03/2026,12:34:12,Cafe con leche pequeño,Datáfono,"Villasante, Canario","2,00 €",,,,,,,,,,,,,,
04/03/2026,12:43:10,cafe gratis ,,"Villasante, Canario","3,00 €",,,,,,,,,,,,,,
04/03/2026,14:25:17,Cafe con leche grande,Datáfono,"Jose G, Bakr","2,50 €",,,,,,,,,,,,,,
04/03/2026,14:35:01,Bocata lomo y queso,Datáfono,"Jose G, Bakr","1,20 €",,,,,,,,,,,,,,
04/03/2026,14:35:16,Sandwich pavo y queso,Datáfono,"Jose G, Bakr","1,20 €",,,,,,,,,,,,,,
04/03/2026,14:35:26,Sandwich pavo y queso,Datáfono,"Jose G, Bakr","1,50 €",,,,,,,,,,,,,,
04/03/2026,14:48:24,Bocata lomo y queso,Datáfono,"Jose G, Bakr","1,20 €",,,,,,,,,,,,,,
04/03/2026,14:48:29,Pincho tortilla,Datáfono,"Jose G, Bakr",,,,,,,,,,,,,,,
04/03/2026,15:10:57,Sandwich pavo y queso,Datáfono,"Jose G, Bakr","1,50 €",,,,,,,,,,,,,,
04/03/2026,16:55:05,Cafe solo pequeño,Datáfono,"Jose G, Bakr","4,00 €",,,,,,,,,,,,,,
04/03/2026,16:55:22,barrita,Datáfono,"Jose G, Bakr","2,50 €",,,,,,,,,,,,,,
04/03/2026,16:55:45,Cafe solo pequeño,Datáfono,"Jose G, Bakr","2,50 €",,,,,,,,,,,,,,
04/03/2026,16:59:54,Cafe con leche pequeño,Datáfono,"Jose G, Bakr","4,00 €",,,,,,,,,,,,,,
04/03/2026,17:00:29,Sandwich pavo y queso,Efectivo,"Jose G, Bakr","1,50 €",,,,,,,,,,,,,,
04/03/2026,17:00:42,Sandwich pavo y queso,,,"2,50 €",se quemó,,,,,,,,,,,,,
05/03/2026,10:06:39,Cafe americano pequeño,Datáfono,"Mery, Álvaro","1,00 €",,,,,,,,,,,,,,
05/03/2026,10:07:05,Cafe con leche pequeño,Datáfono,"Álvaro, Mery","2,50 €",,,,,,,,,,,,,,
05/03/2026,10:13:24,Cafe con leche grande,Datáfono,"Álvaro, Mery","1,20 €",,,,,,,,,,,,,,
05/03/2026,10:26:48,Cafe con leche grande,Datáfono,"Mery, Álvaro","1,20 €",,,,,,,,,,,,,,
05/03/2026,10:28:50,Cafe con leche grande,Datáfono,"Mery, Álvaro","2,50 €",,,,,,,,,,,,,,
05/03/2026,10:52:09,Cafe con leche pequeño,Datáfono,"Mery, Álvaro","0,00 €",,,,,,,,,,,,,,
05/03/2026,12:01:15,Coca Cola,Datáfono,"Kawtar, Lastra","1,20 €",,,,,,,,,,,,,,
05/03/2026,12:01:57,Cafe solo pequeño,Datáfono,"Kawtar, Lastra","1,20 €",,,,,,,,,,,,,,
05/03/2026,12:58:23,Sandwich pavo y queso,Datáfono,"Kawtar, Lastra","1,50 €",,,,,,,,,,,,,,
05/03/2026,12:58:50,Fanta de naranja,Datáfono,"Álvaro, Mery","1,50 €",,,,,,,,,,,,,,
05/03/2026,12:59:14,Cafe solo grande,Efectivo,"Mery, Álvaro","1,50 €",,,,,,,,,,,,,,
,,,Efectivo,"Mery, Álvaro","1,20 €",barrita de proteina,,,,,,,,,,,,,
05/03/2026,13:01:18,Cafe solo pequeño,Datáfono,"Mery, Álvaro","1,20 €",,,,,,,,,,,,,,
05/03/2026,13:15:02,Sandwich pavo y queso,Datáfono,"Lastra, Kawtar","1,20 €",,,,,,,,,,,,,,
05/03/2026,13:29:52,Cafe con leche grande,Datáfono,"Kawtar, Lastra","2,50 €",,,,,,,,,,,,,,
05/03/2026,13:30:20,Fanta de naranja,Datáfono,"Kawtar, Lastra","1,20 €",,,,,,,,,,,,,,
05/03/2026,13:53:13,Sandwich pavo y queso,Datáfono,"Kawtar, Lastra","1,50 €",,,,,,,,,,,,,,
,,,Datáfono,"Kawtar, Lastra","2,50 €",vaso,,,,,,,,,,,,,
05/03/2026,15:21:15,Sandwich pavo y queso,Datáfono,"Málaga, Claudia","1,20 €",,,,,,,,,,,,,,
05/03/2026,16:23:36,Cafe con leche pequeño,Datáfono,"Málaga, Claudia","2,50 €",,,,,,,,,,,,,,
05/03/2026,16:23:40,Cafe con leche pequeño,Datáfono,"Málaga, Claudia","1,50 €",,,,,,,,,,,,,,
05/03/2026,16:24:00,Cafe con leche grande,Datáfono,"Málaga, Claudia","1,20 €",,,,,,,,,,,,,,
05/03/2026,18:11:10,Cerveza,Datáfono,"Málaga, Claudia","2,50 €",,,,,,,,,,,,,,
05/03/2026,18:11:12,Cerveza,Efectivo,"Málaga, Claudia","0,20 €",,,,,,,,,,,,,,
,,Cerveza,Efectivo,"Málaga, Claudia","2,50 €",,,,,,,,,,,,,,
,,Cerveza,Efectivo,"Málaga, Claudia","1,20 €",,,,,,,,,,,,,,
06/03/2026,9:50:25,Tostada tomate y aceite,Datáfono,"Sofía, Adri","1,20 €",1 euro mas,,,,,,,,,,,,,
06/03/2026,10:05:15,Cafe sin lactosa pequeño,Efectivo,"Sofía, Adri","1,50 €",,,,,,,,,,,,,,
06/03/2026,10:18:17,Cafe con leche pequeño,Datáfono,"Sofía, Adri","1,50 €",,,,,,,,,,,,,,
06/03/2026,10:18:19,Pack TLS,Efectivo,"Sofía, Adri","1,50 €",,,,,,,,,,,,,,
06/03/2026,10:18:26,Cafe solo grande,Datáfono,"Sofía, Adri","1,50 €",,,,,,,,,,,,,,
06/03/2026,10:46:27,Cafe con leche pequeño,Efectivo,"Sofía, Adri","1,50 €",,,,,,,,,,,,,,
06/03/2026,10:46:32,Cafe solo pequeño,Efectivo,"Sofía, Adri","3,00 €",,,,,,,,,,,,,,
06/03/2026,10:46:36,Cafe solo pequeño,Efectivo,"Sofía, Adri","1,20 €",,,,,,,,,,,,,,
06/03/2026,10:46:44,Cafe con leche grande,Efectivo,"Sofía, Adri","1,20 €",,,,,,,,,,,,,,
06/03/2026,11:06:09,Cafe con leche grande,Datáfono,"Sofía, Adri","2,25 €",,,,,,,,,,,,,,
06/03/2026,12:16:05,Sandwich pavo y queso,Datáfono,"Sofía, Adri","1,50 €",,,,,,,,,,,,,,
06/03/2026,12:16:22,Pack desayuno sandwich,Datáfono,"Sofía, Adri","1,20 €",,,,,,,,,,,,,,
06/03/2026,12:16:27,Pincho tortilla,Datáfono,"Sofía, Adri","1,20 €",,,,,,,,,,,,,,
06/03/2026,12:16:38,Cafe solo grande,Datáfono,"Sofía, Adri","1,20 €",,,,,,,,,,,,,,
06/03/2026,12:22:16,Tostada jamón,Datáfono,"Sofía, Adri","1,50 €",,,,,,,,,,,,,,
06/03/2026,13:39:55,Coca Cola Zero,Datáfono,"Vittorio, Adri","1,50 €",,,,,,,,,,,,,,
06/03/2026,13:40:39,Sandwich pavo y queso,Datáfono,"Vittorio, Adri","2,50 €",,,,,,,,,,,,,,
06/03/2026,13:54:50,Redbull blanco,Datáfono,"Vittorio, Adri","3,00 €",,,,,,,,,,,,,,
06/03/2026,13:54:54,Agua,Datáfono,"Vittorio, Adri","1,50 €",,,,,,,,,,,,,,
06/03/2026,13:55:01,Cafe solo pequeño,Datáfono,"Vittorio, Adri","1,50 €",,,,,,,,,,,,,,
09/03/2026,9:32:57,Cafe con leche pequeño,Efectivo,"Adri, Jose G","2,50 €",,,,,,,,,,,,,,
09/03/2026,9:33:29,Cafe solo pequeño,Datáfono,"Adri, Jose G","1,20 €",,,,,,,,,,,,,,
09/03/2026,9:49:07,Cafe sin lactosa grande,Datáfono,"Adri, Jose G","2,50 €",,,,,,,,,,,,,,
09/03/2026,9:49:15,Cafe con leche grande,Datáfono,"Adri, Jose G","1,70 €",,,,,,,,,,,,,,
09/03/2026,9:49:29,Tostada jamón,Datáfono,"Adri, Jose G","1,00 €",,,,,,,,,,,,,,
09/03/2026,10:23:57,Pack desayuno sandwich,Datáfono,"Jose G, Elías","1,20 €",,,,,,,,,,,,,,
09/03/2026,10:24:19,Cafe con leche grande,Datáfono,"Jose G, Elías","1,20 €",,,,,,,,,,,,,,
09/03/2026,10:46:09,Pack desayuno sandwich,Datáfono,"Jose G, Elías","1,20 €",,,,,,,,,,,,,,
09/03/2026,10:46:20,Coca Cola,Datáfono,"Jose G, Elías","1,50 €",,,,,,,,,,,,,,
09/03/2026,11:14:08,Pack desayuno sandwich,Datáfono,"Jose G, Elías","1,50 €",,,,,,,,,,,,,,
09/03/2026,11:14:17,Sandwich pavo y queso,Datáfono,"Jose G, Elías","2,50 €",,,,,,,,,,,,,,
09/03/2026,11:55:31,Cafe con leche pequeño,Efectivo,"Jose G, Elías","3,00 €",,,,,,,,,,,,,,
09/03/2026,11:55:53,Cafe con leche pequeño,Efectivo,"Jose G, Elías","1,50 €",,,,,,,,,,,,,,
09/03/2026,12:02:54,Agua,Efectivo,"Jose G, Adri","3,00 €",,,,,,,,,,,,,,
09/03/2026,12:15:30,Sandwich pavo y queso,Efectivo,"Jose G, Adri","1,20 €",15 cent de propina,,,,,,,,,,,,,
09/03/2026,12:15:41,Sandwich pavo y queso,Efectivo,"Jose G, Adri","3,00 €",,,,,,,,,,,,,,
09/03/2026,12:30:53,Cafe con leche grande,Datáfono,"Jose G, Adri","2,50 €",,,,,,,,,,,,,,
09/03/2026,12:34:00,Sandwich pavo y queso,Efectivo,"Jose G, Adri","1,20 €",,,,,,,,,,,,,,
09/03/2026,14:09:35,Bocata lomo y queso,Datáfono,Sofía,"1,20 €",,,,,,,,,,,,,,
09/03/2026,14:40:08,Pack comida lomo,Datáfono,"Sofía, Elías","1,00 €",,,,,,,,,,,,,,
09/03/2026,14:40:13,Bocata lomo y queso,Datáfono,"Sofía, Elías","2,65 €",,,,,,,,,,,,,,
09/03/2026,15:33:53,Bocata tortilla,Datáfono,"Sofía, Elías","2,50 €",,,,,,,,,,,,,,
09/03/2026,15:34:00,Bocata tortilla,Datáfono,"Sofía, Elías","1,50 €",,,,,,,,,,,,,,
09/03/2026,15:34:06,Cafe con leche grande,Datáfono,"Sofía, Elías","2,50 €",,,,,,,,,,,,,,
09/03/2026,15:34:13,Cafe con leche grande,Datáfono,"Sofía, Elías","4,00 €",,,,,,,,,,,,,,
09/03/2026,15:34:41,Te,Datáfono,"Sofía, Elías","4,75 €",,,,,,,,,,,,,,
09/03/2026,15:35:16,Coca Cola,Datáfono,"Sofía, Elías","4,00 €",,,,,,,,,,,,,,
10/03/2026,10:05:59,Cafe con leche pequeño,Efectivo,"Ángel, Luca","4,00 €",,,,,,,,,,,,,,
10/03/2026,10:06:21,Pack desayuno tostada,Efectivo,"Ángel, Luca","4,00 €",,,,,,,,,,,,,,
10/03/2026,10:06:33,Cafe con leche grande,Datáfono,"Ángel, Luca","1,50 €",,,,,,,,,,,,,,
10/03/2026,11:01:19,Pack desayuno sandwich,Datáfono,"Ángel, Luca","1,50 €",,,,,,,,,,,,,,
10/03/2026,11:01:42,Cafe sin lactosa grande,Datáfono,"Ángel, Luca","1,00 €",,,,,,,,,,,,,,
10/03/2026,11:01:46,Cafe sin lactosa grande,Datáfono,"Ángel, Luca","1,20 €",,,,,,,,,,,,,,
10/03/2026,11:01:57,Cafe con leche grande,Datáfono,"Ángel, Luca","1,20 €",,,,,,,,,,,,,,
10/03/2026,11:02:06,Pack desayuno sandwich,Datáfono,"Ángel, Luca","2,50 €",,,,,,,,,,,,,,
10/03/2026,11:29:05,Pack desayuno sandwich,Datáfono,"Ángel, Luca","1,50 €",,,,,,,,,,,,,,
10/03/2026,11:29:20,Cafe sin lactosa grande,Datáfono,"Ángel, Luca","3,00 €",,,,,,,,,,,,,,
10/03/2026,11:29:28,Sandwich pavo y queso,Datáfono,"Ángel, Luca","1,50 €",,,,,,,,,,,,,,
10/03/2026,11:30:28,Cafe con leche grande,Datáfono,"Ángel, Luca","1,50 €",,,,,,,,,,,,,,
10/03/2026,11:32:38,Cafe solo pequeño,Datáfono,"Ángel, Luca","1,50 €",,,,,,,,,,,,,,
10/03/2026,11:37:30,Cafe sin lactosa grande,Datáfono,"Ángel, Luca","3,00 €",,,,,,,,,,,,,,
10/03/2026,15:04:34,Pincho tortilla,Datáfono,Vittorio,"3,00 €",,,,,,,,,,,,,,
10/03/2026,15:04:51,Pincho tortilla,Datáfono,Vittorio,"1,50 €",,,,,,,,,,,,,,
10/03/2026,15:06:31,Cafe con leche pequeño,Datáfono,"Vittorio, Abrey","2,50 €",,,,,,,,,,,,,,
10/03/2026,15:10:45,Cafe con leche grande,Datáfono,"Vittorio, Abrey","1,50 €",,,,,,,,,,,,,,
10/03/2026,15:10:48,Cafe con leche grande,Datáfono,"Vittorio, Abrey","1,20 €",,,,,,,,,,,,,,
10/03/2026,15:21:36,Cafe con leche grande,Datáfono,"Vittorio, Abrey","1,50 €",,,,,,,,,,,,,,
10/03/2026,16:36:35,Cafe con leche grande,Datáfono,"Vittorio, Abrey","1,50 €",,,,,,,,,,,,,,
11/03/2026,12:00:09,Cafe solo grande,Datáfono,"Abrey, Bakr","1,50 €",,,,,,,,,,,,,,
11/03/2026,12:00:17,Cafe solo pequeño,Datáfono,"Abrey, Bakr","1,20 €",,,,,,,,,,,,,,
11/03/2026,12:04:40,Cafe con leche pequeño,Efectivo,"Abrey, Bakr","1,50 €",,,,,,,,,,,,,,
11/03/2026,12:00:27,Cafe con leche grande,Datáfono,"Abrey, Bakr","1,50 €",,,,,,,,,,,,,,
11/03/2026,12:00:34,Cafe sin lactosa grande,Datáfono,"Abrey, Bakr","1,50 €",,,,,,,,,,,,,,
11/03/2026,12:00:38,Cafe sin lactosa grande,Datáfono,"Abrey, Bakr","1,50 €",,,,,,,,,,,,,,
11/03/2026,12:00:48,Pack desayuno sandwich,Datáfono,"Abrey, Bakr","1,50 €",,,,,,,,,,,,,,
11/03/2026,12:04:07,Pack desayuno sandwich,Datáfono,"Abrey, Bakr","1,20 €",,,,,,,,,,,,,,
11/03/2026,12:07:59,Cafe con leche pequeño,Efectivo,"Abrey, Bakr","1,20 €",,,,,,,,,,,,,,
11/03/2026,12:43:57,Cafe con leche pequeño,Datáfono,"Abrey, Bakr","1,50 €",,,,,,,,,,,,,,
11/03/2026,12:44:00,Cafe con leche pequeño,Datáfono,"Abrey, Bakr","1,50 €",,,,,,,,,,,,,,
,,Cafe con leche pequeño,Datáfono,"Abrey, Bakr","1,50 €",,,,,,,,,,,,,,
11/03/2026,13:45:33,Pack TLS,Efectivo,"Canario, Villasante","3,00 €",,,,,,,,,,,,,,
11/03/2026,13:55:46,Pincho tortilla,Efectivo,"Canario, Villasante","3,00 €",,,,,,,,,,,,,,
11/03/2026,14:23:17,Cafe con leche grande,Datáfono,"Canario, Bakr","1,20 €",,,,,,,,,,,,,,
11/03/2026,14:24:21,Agua,Datáfono,"Canario, Bakr","1,20 €",,,,,,,,,,,,,,
11/03/2026,16:59:34,Sandwich pavo y queso,Datáfono,"Bakr, Villasante","1,20 €",,,,,,,,,,,,,,
11/03/2026,15:13:50,Redbull sin azucar,Efectivo,"Bakr, Villasante","1,20 €",,,,,,,,,,,,,,
11/03/2026,15:19:14,Cafe con leche pequeño,Efectivo,"Canario, Villasante","2,25 €",,,,,,,,,,,,,,
11/03/2026,15:23:18,tenedor,Datáfono,"Canario, Villasante","1,50 €",,,,,,,,,,,,,,
11/03/2026,15:26:02,Coca Cola,Datáfono,"Canario, Villasante","1,50 €",,,,,,,,,,,,,,
11/03/2026,15:27:22,cubiertos ,Datáfono,"Canario, Villasante","1,00 €",,,,,,,,,,,,,,
11/03/2026,16:33:07,Agua,Efectivo,"Bakr, Abrey","2,50 €",,,,,,,,,,,,,,
11/03/2026,16:33:26,Cafe con leche grande,Datáfono,"Vittorio, Villasante","1,70 €",,,,,,,,,,,,,,
11/03/2026,16:48:41,Bocata lomo y queso,Datáfono,"Vittorio, Villasante","1,20 €",,,,,,,,,,,,,,
11/03/2026,16:57:11,Cafe con leche grande,Efectivo,"Vittorio, Villasante","0,20 €",,,,,,,,,,,,,,
11/03/2026,17:00:21,Cafe con leche grande,Datáfono,"Vittorio, Villasante","1,20 €",,,,,,,,,,,,,,
11/03/2026,17:01:30,Cafe con leche grande,Datáfono,"Vittorio, Villasante","0,20 €",,,,,,,,,,,,,,
11/03/2026,17:02:54,Cafe con leche pequeño,Datáfono,"Vittorio, Villasante","1,00 €",,,,,,,,,,,,,,
11/03/2026,17:03:03,Cafe con leche pequeño,Datáfono,"Vittorio, Villasante","1,50 €",,,,,,,,,,,,,,
11/03/2026,17:03:52,Cafe con leche pequeño,Datáfono,"Vittorio, Villasante","4,00 €",,,,,,,,,,,,,,
11/03/2026,17:04:11,Agua,Datáfono,"Vittorio, Villasante","1,50 €",,,,,,,,,,,,,,
11/03/2026,17:12:52,Cerveza,Datáfono,Vittorio,"1,50 €",,,,,,,,,,,,,,
13/03/2026,9:45:19,Cafe con leche pequeño,Datáfono,"Aitana, Piti Piti","1,50 €",Guillem el de synkro tiene que pagar,,,,,,,,,,,,,
13/03/2026,9:45:54,Cafe solo pequeño,Datáfono,"Aitana, Piti Piti","1,20 €",,,,,,,,,,,,,,
13/03/2026,9:58:58,Agua,Datáfono,"Aitana, Piti Piti","1,20 €",,,,,,,,,,,,,,
13/03/2026,10:14:51,Cafe con leche pequeño,Datáfono,"Aitana, Piti Piti","1,20 €",,,,,,,,,,,,,,
13/03/2026,10:14:57,Cafe americano pequeño,Datáfono,"Aitana, Piti Piti","1,00 €",,,,,,,,,,,,,,
13/03/2026,10:15:05,Cafe con leche grande,Datáfono,"Aitana, Piti Piti","1,00 €",,,,,,,,,,,,,,
13/03/2026,10:17:17,Pack desayuno sandwich,Efectivo,"Aitana, Piti Piti","1,20 €",,,,,,,,,,,,,,
13/03/2026,10:17:26,Pack desayuno sandwich,Datáfono,"Aitana, Piti Piti","1,20 €",,,,,,,,,,,,,,
13/03/2026,10:20:53,Agua,Datáfono,"Aitana, Piti Piti","1,00 €",,,,,,,,,,,,,,
13/03/2026,10:25:49,Pack desayuno sandwich,Datáfono,"Aitana, Piti Piti","1,20 €",,,,,,,,,,,,,,
13/03/2026,10:54:49,Pack desayuno sandwich,Datáfono,"Aitana, Piti Piti","1,20 €",,,,,,,,,,,,,,
13/03/2026,10:55:05,Cafe con leche grande,Datáfono,"Aitana, Piti Piti","1,50 €",,,,,,,,,,,,,,
13/03/2026,11:35:47,Cafe con leche grande,Datáfono,"Aitana, Lastra","3,00 €",,,,,,,,,,,,,,
13/03/2026,11:43:53,Cafe con leche grande,Datáfono,"Lastra, Aitana","3,00 €",,,,,,,,,,,,,,
13/03/2026,11:59:15,Sandwich pavo y queso,Datáfono,"Lastra, Aitana","1,00 €",,,,,,,,,,,,,,
13/03/2026,12:34:13,Pack desayuno sandwich,Datáfono,"Lastra, Aitana","3,00 €",,,,,,,,,,,,,,
13/03/2026,13:07:16,Pack comida tortilla,Datáfono,"Lastra, Aitana","3,00 €",,,,,,,,,,,,,,
13/03/2026,13:18:25,Cafe sin lactosa grande,Datáfono,"Aitana, Lastra","1,50 €",,,,,,,,,,,,,,
13/03/2026,14:07:10,Bocata lomo y queso,Datáfono,"Aitana, Lastra","1,50 €",,,,,,,,,,,,,,
13/03/2026,14:14:37,Agua,Datáfono,"Aitana, Lastra","1,50 €",,,,,,,,,,,,,,
13/03/2026,14:14:54,Cafe solo pequeño,Datáfono,"Aitana, Lastra","2,50 €",,,,,,,,,,,,,,
16/03/2026,9:24:40,Cafe americano pequeño,Datáfono,"Piti Piti, Málaga","3,00 €",,,,,,,,,,,,,,
16/03/2026,9:26:28,Cafe con leche grande,Datáfono,"Piti Piti, Málaga","4,75 €",,,,,,,,,,,,,,
16/03/2026,9:36:40,Cafe con leche grande,Efectivo,"Piti Piti, Málaga","1,50 €",,,,,,,,,,,,,,
16/03/2026,9:48:02,Cafe con leche grande,Datáfono,"Piti Piti, Málaga","4,00 €",,,,,,,,,,,,,,
16/03/2026,10:04:00,Pack desayuno tostada,Datáfono,"Piti Piti, Málaga","1,00 €",,,,,,,,,,,,,,
16/03/2026,11:11:42,Sandwich pavo y queso,Datáfono,"Piti Piti, Málaga","1,20 €",,,,,,,,,,,,,,
16/03/2026,11:52:31,Cafe solo pequeño,Datáfono,"Piti Piti, Málaga","1,20 €",,,,,,,,,,,,,,
16/03/2026,12:18:47,Cafe con leche grande,Efectivo,"Piti Piti, Málaga","1,50 €",,,,,,,,,,,,,,
16/03/2026,12:32:06,Coca Cola,Datáfono,"Piti Piti, Málaga","1,50 €",,,,,,,,,,,,,,
16/03/2026,12:35:05,Cafe con leche pequeño,Datáfono,"Piti Piti, Málaga","1,50 €",,,,,,,,,,,,,,
16/03/2026,12:35:09,Cafe con leche pequeño,Datáfono,"Piti Piti, Málaga","2,70 €",,,,,,,,,,,,,,
16/03/2026,12:43:30,Cafe con leche pequeño,Efectivo,"Piti Piti, Málaga","2,50 €",,,,,,,,,,,,,,
16/03/2026,13:15:42,Pack desayuno sandwich,Datáfono,"Luca, Ángel","1,20 €",,,,,,,,,,,,,,
16/03/2026,15:54:04,Cafe solo pequeño,Datáfono,"Luca, Ángel","1,50 €",,,,,,,,,,,,,,
16/03/2026,15:54:13,Cafe con leche pequeño,Datáfono,"Luca, Ángel","1,20 €",,,,,,,,,,,,,,
17/03/2026,9:24:36,Sandwich pavo y queso,Datáfono,Villasante,"1,20 €",,,,,,,,,,,,,,
17/03/2026,9:24:43,Sandwich pavo y queso,Datáfono,Villasante,"1,20 €",,,,,,,,,,,,,,
17/03/2026,9:28:02,Cafe con leche grande,Datáfono,Villasante,"1,20 €",,,,,,,,,,,,,,
17/03/2026,9:40:35,Cafe con leche grande,Efectivo,"Villasante, Canario","2,70 €",,,,,,,,,,,,,,
17/03/2026,9:40:47,Coca Cola Zero,Datáfono,"Villasante, Canario","1,20 €",,,,,,,,,,,,,,
17/03/2026,9:42:43,Redbull sin azucar,Datáfono,"Villasante, Canario","1,20 €",,,,,,,,,,,,,,
17/03/2026,10:15:35,Bocata lomo y queso,Datáfono,"Villasante, Canario","2,50 €",,,,,,,,,,,,,,
17/03/2026,10:15:37,Bocata lomo y queso,Datáfono,"Villasante, Canario","2,50 €",,,,,,,,,,,,,,
17/03/2026,10:27:54,Cafe solo pequeño,Datáfono,"Villasante, Canario","1,50 €",,,,,,,,,,,,,,
17/03/2026,10:31:18,Pack desayuno sandwich,Datáfono,"Canario, Villasante","1,50 €",,,,,,,,,,,,,,
17/03/2026,10:31:30,Pack desayuno sandwich,Datáfono,"Canario, Villasante","1,20 €",,,,,,,,,,,,,,
17/03/2026,10:40:41,Pack desayuno sandwich,Datáfono,"Canario, Villasante","1,70 €",,,,,,,,,,,,,,
17/03/2026,10:40:50,Cafe con leche grande,Datáfono,"Canario, Villasante","4,00 €",,,,,,,,,,,,,,
17/03/2026,10:41:00,Cafe con leche pequeño,Datáfono,"Villasante, Canario","4,00 €",,,,,,,,,,,,,,
17/03/2026,10:41:07,Cafe con leche grande,Efectivo,"Villasante, Canario","1,20 €",,,,,,,,,,,,,,
17/03/2026,10:52:03,Cafe con leche pequeño,Efectivo,"Villasante, Canario","3,00 €",,,,,,,,,,,,,,
17/03/2026,10:55:01,Cafe solo pequeño,Datáfono,"Villasante, Canario","3,00 €",,,,,,,,,,,,,,
17/03/2026,11:16:25,Sandwich pavo y queso,Datáfono,"Villasante, Canario","3,00 €",,,,,,,,,,,,,,
17/03/2026,11:21:00,Coca Cola,Datáfono,"Villasante, Canario","1,50 €",,,,,,,,,,,,,,
17/03/2026,11:21:08,Coca Cola,Datáfono,"Villasante, Canario","1,20 €",,,,,,,,,,,,,,
17/03/2026,11:24:16,Sandwich pavo y queso,Datáfono,"Villasante, Canario","1,50 €",,,,,,,,,,,,,,
17/03/2026,11:49:27,Cafe con leche grande,Datáfono,"Canario, Villasante","1,20 €",,,,,,,,,,,,,,
17/03/2026,12:00:48,Cafe con leche pequeño,Datáfono,"Villasante, Canario","1,20 €",,,,,,,,,,,,,,
17/03/2026,12:01:54,Cafe americano pequeño,Datáfono,"Villasante, Canario","2,50 €",,,,,,,,,,,,,,
17/03/2026,15:15:04,Cafe con leche grande,Efectivo,"Adri, Jose G","1,20 €",,,,,,,,,,,,,,
17/03/2026,15:36:10,Bocata lomo y queso,Datáfono,"Adri, Jose G","1,20 €",,,,,,,,,,,,,,
17/03/2026,15:42:42,Cafe con leche pequeño,Datáfono,"Adri, Jose G","2,50 €",,,,,,,,,,,,,,
17/03/2026,15:42:50,Cafe americano pequeño,Datáfono,"Adri, Jose G","1,50 €",,,,,,,,,,,,,,
17/03/2026,15:42:52,ColaCao,Datáfono,"Adri, Jose G","1,20 €",,,,,,,,,,,,,,
17/03/2026,16:02:08,Sandwich pavo y queso,Datáfono,"Adri, Jose G","1,20 €",,,,,,,,,,,,,,
17/03/2026,16:11:27,Sandwich pavo y queso,Datáfono,"Adri, Jose G","1,50 €",,,,,,,,,,,,,,
18/03/2026,9:45:13,Cafe con leche grande,Efectivo,"Lastra, Kawtar","4,00 €",,,,,,,,,,,,,,
18/03/2026,9:46:08,Cafe con leche pequeño,Datáfono,"Kawtar, Lastra","1,20 €",,,,,,,,,,,,,,
18/03/2026,9:55:54,Cafe con leche grande,Datáfono,"Kawtar, Lastra","1,20 €",,,,,,,,,,,,,,
,,,Datáfono,"Kawtar, Lastra","1,20 €",Galleta,,,,,,,,,,,,,
18/03/2026,10:14:12,Cafe con leche pequeño,Datáfono,"Kawtar, Lastra","2,50 €",,,,,,,,,,,,,,
18/03/2026,10:15:28,Pack desayuno sandwich,Datáfono,"Kawtar, Lastra","2,50 €",,,,,,,,,,,,,,
18/03/2026,10:15:30,Pack desayuno sandwich,Datáfono,"Kawtar, Lastra","1,50 €",,,,,,,,,,,,,,
,,,Datáfono,"Kawtar, Lastra","1,20 €",Galleta,,,,,,,,,,,,,
18/03/2026,10:36:23,Cafe con leche pequeño,Datáfono,"Kawtar, Lastra","1,50 €",,,,,,,,,,,,,,
18/03/2026,10:38:17,Te,Datáfono,"Kawtar, Lastra","1,00 €",,,,,,,,,,,,,,
,,,,"Kawtar, Lastra","1,20 €",Galleta + Café ,,,,,,,,,,,,,
,,,Datáfono,"Kawtar, Lastra","3,00 €",Galleta,,,,,,,,,,,,,
18/03/2026,10:48:19,Cafe con leche grande,Datáfono,"Kawtar, Lastra","3,00 €",,,,,,,,,,,,,,
18/03/2026,10:48:40,Cafe solo pequeño,Datáfono,"Kawtar, Lastra","1,00 €",,,,,,,,,,,,,,
18/03/2026,11:21:38,Cafe con leche grande,Datáfono,"Kawtar, Lastra","1,20 €",,,,,,,,,,,,,,
,,,,"Kawtar, Lastra","1,20 €",,,,,,,,,,,,,,
18/03/2026,12:08:47,ColaCao,Datáfono,"Kawtar, Lastra","1,50 €",,,,,,,,,,,,,,
18/03/2026,12:15:37,Cafe con leche grande,Datáfono,"Kawtar, Lastra","1,00 €",,,,,,,,,,,,,,
18/03/2026,12:15:43,Cafe con leche grande,Datáfono,"Kawtar, Lastra","1,50 €",,,,,,,,,,,,,,
,,,Efectivo,"Kawtar, Lastra","1,20 €",galletas,,,,,,,,,,,,,
18/03/2026,12:21:11,ColaCao,Datáfono,"Kawtar, Lastra","1,50 €",,,,,,,,,,,,,,
,,,Datáfono,"Kawtar, Lastra",,galletas,,,,,,,,,,,,,
18/03/2026,13:04:53,Sandwich pavo y queso,Datáfono,"Kawtar, Lastra","1,20 €",,,,,,,,,,,,,,
,,,Datáfono,"Málaga, Kawtar","1,50 €",galleta,,,,,,,,,,,,,
18/03/2026,13:40:26,Cafe con leche pequeño,Datáfono,"Málaga, Claudia","1,50 €",con galleta,,,,,,,,,,,,,
18/03/2026,13:47:02,Cafe americano grande,Datáfono,"Málaga, Claudia","2,00 €",,,,,,,,,,,,,,
18/03/2026,14:46:09,Bocata lomo y queso,Datáfono,"Málaga, Claudia","1,20 €",,,,,,,,,,,,,,
18/03/2026,14:46:16,Cafe con leche grande,Datáfono,"Málaga, Claudia","2,00 €",,,,,,,,,,,,,,
18/03/2026,14:49:03,GALLETA,Datáfono,"Málaga, Claudia","2,50 €",,,,,,,,,,,,,,
18/03/2026,14:49:46,Cafe con leche pequeño,Datáfono,"Málaga, Claudia","1,00 €",GALLETA,,,,,,,,,,,,,
18/03/2026,14:52:37,Cafe con leche pequeño,Datáfono,"Málaga, Claudia","1,50 €",GALLETA,,,,,,,,,,,,,
18/03/2026,15:14:32,Cafe con leche grande,Datáfono,"Claudia, Bakr","1,50 €",,,,,,,,,,,,,,
18/03/2026,15:14:57,Bocata tortilla,Efectivo,"Claudia, Bakr","4,00 €",Galleta,,,,,,,,,,,,,
18/03/2026,15:25:22,Coca Cola,Efectivo,"Claudia, Bakr","1,50 €",,,,,,,,,,,,,,
18/03/2026,15:55:24,GALLETA,Datáfono,"Claudia, Bakr","1,00 €",Con galleta,,,,,,,,,,,,,
18/03/2026,15:55:36,Cafe con leche pequeño,Datáfono,"Claudia, Bakr","1,50 €",,,,,,,,,,,,,,
19/03/2026,12:05:05,Cafe con leche grande,Efectivo,"Claudia, Bakr","1,50 €",,,,,,,,,,,,,,
19/03/2026,12:05:31,Cafe solo pequeño,Datáfono,"Elías, Sofía","1,50 €",,,,,,,,,,,,,,
19/03/2026,12:07:00,Agua,Datáfono,"Elías, Sofía","4,00 €",,,,,,,,,,,,,,
19/03/2026,12:15:06,Sandwich pavo y queso,Datáfono,"Elías, Sofía","1,20 €",,,,,,,,,,,,,,
19/03/2026,12:15:18,Sandwich pavo y queso,Datáfono,"Elías, Sofía","1,00 €",,,,,,,,,,,,,,
,,,Datáfono,"Sofía, Elías","1,50 €",cafe galleta,,,,,,,,,,,,,
,,,Datáfono,"Sofía, Elías","1,50 €",cafe galleta,,,,,,,,,,,,,
19/03/2026,12:28:58,Redbull sin azucar,Datáfono,"Sofía, Elías","1,20 €",,,,,,,,,,,,,,
19/03/2026,14:01:44,Pack desayuno sandwich,Efectivo,"Sofía, Elías",30cents,,,,,,,,,,,,,,
19/03/2026,14:05:25,GALLETA,Datáfono,"Sofía, Bakr","2,50 €",y cafe gratis,,,,,,,,,,,,,
19/03/2026,14:21:44,Bocata lomo y queso,Datáfono,"Sofía, Bakr","2,50 €",,,,,,,,,,,,,,
19/03/2026,14:48:14,Cafe con leche grande,Datáfono,"Sofía, Bakr","1,50 €",,,,,,,,,,,,,,
19/03/2026,14:48:20,GALLETA,Datáfono,"Sofía, Bakr","1,50 €",,,,,,,,,,,,,,
19/03/2026,15:10:14,Coca Cola Zero,Datáfono,"Vittorio, Piti Piti","1,70 €",,,,,,,,,,,,,,
19/03/2026,15:11:05,Pincho tortilla,Datáfono,"Vittorio, Piti Piti","3,00 €",,,,,,,,,,,,,,
19/03/2026,15:15:28,GALLETA,Efectivo,"Vittorio, Piti Piti","1,00 €",,,,,,,,,,,,,,
19/03/2026,15:44:05,Cafe solo pequeño,Datáfono,"Vittorio, Piti Piti","4,00 €",,,,,,,,,,,,,,
19/03/2026,15:50:27,Cafe con leche pequeño,Datáfono,"Vittorio, Piti Piti","1,50 €",,,,,,,,,,,,,,
19/03/2026,15:50:31,Cafe con leche pequeño,Datáfono,"Vittorio, Piti Piti","1,00 €",,,,,,,,,,,,,,
,,Cafe con leche pequeño,Datáfono,"Vittorio, Piti Piti","1,10 €",,,,,,,,,,,,,,
,,,Datáfono,"Vittorio, Piti Piti","1,50 €",Cafe con galleta,,,,,,,,,,,,,
19/03/2026,16:01:48,Cafe con leche grande,Datáfono,"Vittorio, Piti Piti","1,00 €",,,,,,,,,,,,,,
19/03/2026,16:02:00,Cafe con leche grande,Datáfono,"Vittorio, Piti Piti","1,20 €",,,,,,,,,,,,,,
19/03/2026,16:03:36,GALLETA,Efectivo,"Vittorio, Piti Piti","1,20 €",,,,,,,,,,,,,,
19/03/2026,16:03:40,GALLETA,Efectivo,"Vittorio, Piti Piti","1,20 €",,,,,,,,,,,,,,
19/03/2026,17:11:21,GALLETA,Efectivo,"Vittorio, Piti Piti","1,20 €",,,,,,,,,,,,,,
19/03/2026,17:11:45,GALLETA,Datáfono,"Vittorio, Piti Piti","1,50 €",,,,,,,,,,,,,,
20/03/2026,9:22:08,Cafe con leche pequeño,Datáfono,Vittorio,"1,50 €",,,,,,,,,,,,,,
20/03/2026,9:45:53,Pack desayuno sandwich,Datáfono,Vittorio,"1,50 €",,,,,,,,,,,,,,
20/03/2026,10:17:59,Cafe con leche grande,Datáfono,"Vittorio, Piti Piti","1,00 €",,,,,,,,,,,,,,
20/03/2026,11:16:25,GALLETA,Datáfono,"Vittorio, Piti Piti","1,00 €",,,,,,,,,,,,,,
20/03/2026,11:16:25,GALLETA,Datáfono,"Vittorio, Piti Piti","1,00 €",,,,,,,,,,,,,,
20/03/2026,12:16:26,Cafe con leche grande,Datáfono,"Vittorio, Piti Piti","1,00 €",,,,,,,,,,,,,,
20/03/2026,12:16:29,Cafe con leche grande,Datáfono,"Vittorio, Piti Piti","1,20 €",,,,,,,,,,,,,,
,,Cafe con leche grande,Datáfono,"Vittorio, Piti Piti","3,00 €",,,,,,,,,,,,,,
20/03/2026,12:16:37,Cafe con leche pequeño,Datáfono,"Vittorio, Piti Piti","1,50 €",,,,,,,,,,,,,,
20/03/2026,12:16:39,Cafe con leche pequeño,Datáfono,"Vittorio, Piti Piti","1,00 €",,,,,,,,,,,,,,
20/03/2026,12:21:59,Cafe con leche grande,Datáfono,"Vittorio, Piti Piti","1,00 €",,,,,,,,,,,,,,
20/03/2026,12:23:06,Cafe con leche grande,Datáfono,"Vittorio, Piti Piti","1,50 €",,,,,,,,,,,,,,
20/03/2026,13:21:21,Sandwich pavo y queso,Datáfono,"Vittorio, Piti Piti","1,50 €",,,,,,,,,,,,,,
20/03/2026,14:15:50,GALLETA,Datáfono,"Vittorio, Piti Piti","1,50 €",,,,,,,,,,,,,,
23/03/2026,10:48:13,Pack desayuno sandwich,Datáfono,"Luca, Ángel","1,20 €",,,,,,,,,,,,,,
23/03/2026,10:48:27,Sandwich pavo y queso,Datáfono,"Luca, Ángel","1,20 €",,,,,,,,,,,,,,
23/03/2026,10:48:34,Sandwich pavo y queso,Datáfono,"Luca, Ángel","1,50 €",,,,,,,,,,,,,,
23/03/2026,11:54:15,Cafe con leche grande,Datáfono,"Luca, Ángel","1,50 €",,,,,,,,,,,,,,
23/03/2026,11:54:21,Cafe solo pequeño,Datáfono,"Luca, Ángel","2,50 €",,,,,,,,,,,,,,
23/03/2026,12:28:52,Cafe con leche grande,Datáfono,"Luca, Ángel","1,00 €",,,,,,,,,,,,,,
23/03/2026,12:43:31,Agua,Datáfono,"Luca, Ángel","3,00 €",,,,,,,,,,,,,,
23/03/2026,12:43:32,Agua,Datáfono,"Luca, Ángel","2,50 €",,,,,,,,,,,,,,
23/03/2026,12:43:45,Cafe con leche grande,Datáfono,"Luca, Ángel","2,50 €",,,,,,,,,,,,,,
23/03/2026,12:49:22,Cafe con leche grande,Datáfono,"Luca, Ángel","1,50 €",,,,,,,,,,,,,,
23/03/2026,13:43:01,Cafe con leche grande,Datáfono,"Aitana, Bakr","1,20 €",,,,,,,,,,,,,,
23/03/2026,13:43:15,Cafe sin lactosa pequeño,Datáfono,"Aitana, Bakr","1,50 €",,,,,,,,,,,,,,
23/03/2026,13:43:21,Bocata lomo y queso,Datáfono,"Aitana, Bakr","1,00 €",,,,,,,,,,,,,,
23/03/2026,14:08:16,Croissant pavo y queso,Datáfono,"Aitana, Bakr","1,00 €",,,,,,,,,,,,,,
23/03/2026,14:08:30,Fanta de naranja,Datáfono,"Aitana, Bakr","1,50 €",,,,,,,,,,,,,,
23/03/2026,14:57:28,Bocata lomo y queso,Datáfono,"Aitana, Bakr","1,50 €",,,,,,,,,,,,,,
23/03/2026,15:00:32,Cafe con leche grande,Datáfono,"Aitana, Bakr","1,50 €",con,,,,,,,,,,,,,
23/03/2026,15:01:01,GALLETA,Datáfono,"Aitana, Bakr","1,20 €",,,,,,,,,,,,,,
23/03/2026,15:38:18,Pack desayuno sandwich,Datáfono,"Aitana, Bakr","4,00 €",,,,,,,,,,,,,,
23/03/2026,15:39:54,Cafe con leche grande,Datáfono,"Aitana, Bakr","2,50 €",,,,,,,,,,,,,,
23/03/2026,15:42:32,Cafe con leche pequeño,Datáfono,"Aitana, Bakr","1,20 €",,,,,,,,,,,,,,
23/03/2026,15:42:46,Cafe sin lactosa pequeño,Datáfono,"Aitana, Bakr","4,00 €",,,,,,,,,,,,,,
23/03/2026,15:42:59,Cafe con leche pequeño,Datáfono,"Aitana, Bakr","1,50 €",,,,,,,,,,,,,,
23/03/2026,15:43:34,Agua,Efectivo,"Aitana, Bakr","1,00 €",,,,,,,,,,,,,,
23/03/2026,15:44:19,Espresso,Datáfono,"Aitana, Bakr","3,00 €",,,,,,,,,,,,,,
23/03/2026,15:46:36,GALLETA,Datáfono,"Aitana, Bakr","1,50 €",,,,,,,,,,,,,,
23/03/2026,15:47:10,Sandwich pavo y queso,Efectivo,"Aitana, Bakr","1,20 €",,,,,,,,,,,,,,
24/03/2026,9:00:24,Cafe con leche grande,Datáfono,"Jose G, Piti Piti","1,20 €",,,,,,,,,,,,,,
24/03/2026,9:03:44,Agua,Datáfono,"Jose G, Piti Piti","1,20 €",,,,,,,,,,,,,,
24/03/2026,9:45:31,Cafe con leche grande,Datáfono,"Jose G, Piti Piti","1,00 €",,,,,,,,,,,,,,
24/03/2026,9:51:50,Cafe sin lactosa grande,Datáfono,"Jose G, Piti Piti","1,00 €",,,,,,,,,,,,,,
24/03/2026,10:06:50,Cafe con leche grande,Datáfono,"Jose G, Piti Piti","1,00 €",,,,,,,,,,,,,,
24/03/2026,10:07:05,Redbull blanco,Datáfono,"Jose G, Piti Piti","2,50 €",Es un redbull normal,,,,,,,,,,,,,
24/03/2026,10:15:40,Cafe con leche grande,Datáfono,"Jose G, Piti Piti","1,50 €",,,,,,,,,,,,,,
24/03/2026,10:34:32,Redbull blanco,Datáfono,"Jose G, Piti Piti","1,00 €",Es un redbull sin azucar,,,,,,,,,,,,,
24/03/2026,10:49:21,Cafe solo pequeño,Datáfono,"Jose G, Piti Piti","1,50 €",,,,,,,,,,,,,,
24/03/2026,10:58:10,Sandwich pavo y queso,Datáfono,"Jose G, Piti Piti","1,50 €",,,,,,,,,,,,,,
24/03/2026,11:13:57,Pack desayuno sandwich,Datáfono,"Jose G, Piti Piti","1,50 €",,,,,,,,,,,,,,
24/03/2026,11:14:05,Cafe con leche grande,Datáfono,"Jose G, Piti Piti","1,70 €",,,,,,,,,,,,,,
24/03/2026,11:14:14,GALLETA,Datáfono,"Jose G, Piti Piti","1,50 €",,,,,,,,,,,,,,
24/03/2026,11:17:42,Sandwich pavo y queso,Datáfono,"Jose G, Piti Piti","1,70 €",,,,,,,,,,,,,,
24/03/2026,11:42:09,Cafe con leche grande,Datáfono,"Jose G, Piti Piti","1,20 €",,,,,,,,,,,,,,
24/03/2026,11:54:14,Pack desayuno sandwich,Datáfono,"Jose G, Piti Piti","2,50 €",iba con colacao en vez de cafe,,,,,,,,,,,,,
24/03/2026,12:22:52,Sandwich pavo y queso,Datáfono,"Mery, Álvaro","3,00 €",,,,,,,,,,,,,,
24/03/2026,12:22:49,Sandwich pavo y queso,Datáfono,"Mery, Álvaro","1,50 €",,,,,,,,,,,,,,
24/03/2026,12:22:59,Cafe con leche pequeño,Datáfono,"Mery, Álvaro","1,00 €",,,,,,,,,,,,,,
24/03/2026,12:23:03,Croissant pavo y queso,Datáfono,"Mery, Álvaro","2,50 €",,,,,,,,,,,,,,
24/03/2026,12:26:01,GALLETA,Efectivo,"Mery, Álvaro","1,50 €",,,,,,,,,,,,,,
24/03/2026,12:26:13,Cafe con leche grande,Datáfono,"Mery, Álvaro","3,00 €",,,,,,,,,,,,,,
24/03/2026,12:27:26,Cafe con leche grande,Datáfono,"Mery, Álvaro","2,50 €",Se les ha cobrado cafe grande + galleta por 2€ (aprobado x Sofia),,,,,,,,,,,,,
24/03/2026,12:28:41,Cafe sin lactosa grande,,"Mery, Álvaro","2,50 €",Inma (no se le ha cobrado x Cautar),,,,,,,,,,,,,
25/03/2026,17:07:31,Sandwich pavo y queso,Datáfono,"Adri, Lastra","1,20 €",,,,,,,,,,,,,,
24/03/2026,13:27:16,Cafe solo pequeño,Datáfono,"Mery, Álvaro","2,50 €",,,,,,,,,,,,,,
24/03/2026,13:29:14,Sandwich pavo y queso,Datáfono,"Álvaro, Mery","1,00 €",,,,,,,,,,,,,,
24/03/2026,13:58:53,Cafe con leche grande,Datáfono,"Mery, Álvaro","1,50 €",,,,,,,,,,,,,,
24/03/2026,14:11:36,Bocata lomo y queso,Datáfono,"Álvaro, Mery","2,00 €",,,,,,,,,,,,,,
24/03/2026,14:11:56,Coca Cola Zero,Datáfono,"Mery, Álvaro","1,50 €",,,,,,,,,,,,,,
24/03/2026,14:56:11,Sandwich pavo y queso,Datáfono,"Mery, Álvaro","2,50 €",,,,,,,,,,,,,,
24/03/2026,14:57:35,Sandwich pavo y queso,Datáfono,"Mery, Álvaro","1,20 €",,,,,,,,,,,,,,
24/03/2026,14:57:47,Cafe solo pequeño,Datáfono,"Mery, Álvaro","2,50 €",,,,,,,,,,,,,,
24/03/2026,15:00:19,Cafe con leche grande,Datáfono,"Mery, Álvaro","1,50 €",,,,,,,,,,,,,,
24/03/2026,15:00:39,Cafe solo pequeño,Efectivo,"Mery, Álvaro","4,00 €",,,,,,,,,,,,,,
24/03/2026,15:01:08,Cafe con leche grande,Datáfono,"Mery, Álvaro","1,20 €",,,,,,,,,,,,,,
24/03/2026,15:19:32,Cafe con leche grande,Datáfono,"Villasante, Canario","2,50 €",,,,,,,,,,,,,,
24/03/2026,15:26:51,Cafe con leche grande,Datáfono,"Villasante, Canario","2,50 €",,,,,,,,,,,,,,
24/03/2026,15:36:29,Cafe con leche grande,Datáfono,"Canario, Villasante","1,20 €",,,,,,,,,,,,,,
24/03/2026,15:41:15,Pincho tortilla,Datáfono,"Canario, Villasante","1,50 €",,,,,,,,,,,,,,
24/03/2026,15:41:18,Pincho tortilla,Datáfono,"Canario, Villasante","1,20 €",,,,,,,,,,,,,,
24/03/2026,15:49:47,Cafe americano pequeño,Datáfono,"Canario, Villasante","1,50 €",,,,,,,,,,,,,,
24/03/2026,16:06:37,GALLETA,Datáfono,"Villasante, Canario","1,50 €",,,,,,,,,,,,,,
24/03/2026,16:06:57,Cafe con leche pequeño,Datáfono,"Villasante, Canario","1,50 €",,,,,,,,,,,,,,
24/03/2026,16:20:05,Coca Cola,Datáfono,"Villasante, Canario","1,50 €",,,,,,,,,,,,,,
24/03/2026,16:20:18,Coca Cola,Datáfono,"Villasante, Canario","1,50 €",,,,,,,,,,,,,,
24/03/2026,16:57:59,Pack desayuno sandwich,Datáfono,"Villasante, Canario","1,50 €",,,,,,,,,,,,,,
25/03/2026,9:59:44,Cafe con leche grande,Datáfono,"Sofía, Claudia","1,20 €",,,,,,,,,,,,,,
25/03/2026,9:59:47,Cafe con leche grande,Datáfono,"Sofía, Claudia","1,00 €",,,,,,,,,,,,,,
25/03/2026,9:59:54,Cafe con leche grande,Datáfono,"Sofía, Claudia","1,20 €",,,,,,,,,,,,,,
25/03/2026,10:51:42,Pack desayuno sandwich,Datáfono,"Sofía, Claudia","1,20 €",,,,,,,,,,,,,,
25/03/2026,10:51:45,Pack desayuno sandwich,Datáfono,"Sofía, Claudia","1,20 €",,,,,,,,,,,,,,
25/03/2026,10:51:56,Bocata lomo y queso,Efectivo,"Sofía, Claudia","3,00 €",,,,,,,,,,,,,,
25/03/2026,11:13:44,PIZZA,Datáfono,"Sofía, Claudia","1,50 €",,,,,,,,,,,,,,
25/03/2026,11:14:01,Pack desayuno sandwich,Efectivo,"Sofía, Claudia","1,50 €",,,,,,,,,,,,,,
25/03/2026,11:18:32,Pack desayuno sandwich,Datáfono,"Sofía, Claudia","1,50 €",,,,,,,,,,,,,,
25/03/2026,11:36:15,Cafe con leche grande,Efectivo,"Sofía, Claudia","3,00 €",,,,,,,,,,,,,,
25/03/2026,11:36:23,Pincho tortilla,Datáfono,"Sofía, Claudia","3,00 €",,,,,,,,,,,,,,
25/03/2026,11:36:31,Pincho tortilla,Datáfono,"Sofía, Claudia","4,00 €",,,,,,,,,,,,,,
25/03/2026,11:36:43,Pack desayuno sandwich,Datáfono,"Sofía, Claudia","3,00 €",,,,,,,,,,,,,,
25/03/2026,11:39:05,Cafe con leche grande,Datáfono,"Sofía, Claudia","3,00 €",,,,,,,,,,,,,,
25/03/2026,11:51:19,Croissant a la plancha,Datáfono,"Sofía, Claudia","3,00 €",,,,,,,,,,,,,,
25/03/2026,12:06:26,Cafe solo pequeño,Datáfono,"Sofía, Claudia","1,50 €",,,,,,,,,,,,,,
25/03/2026,12:21:35,Sandwich pavo y queso,Datáfono,"Sofía, Claudia","1,50 €",,,,,,,,,,,,,,
25/03/2026,13:46:19,Bocata lomo y queso,Efectivo,"Adri, Lastra","1,50 €",,,,,,,,,,,,,,
,,,Efectivo,"Adri, Lastra","3,00 €",pizza,,,,,,,,,,,,,
25/03/2026,14:28:21,Aquarius de limon,Datáfono,"Adri, Lastra","1,50 €",,,,,,,,,,,,,,
25/03/2026,15:20:06,Sandwich pavo y queso,Datáfono,"Adri, Lastra","1,50 €", ,,,,,,,,,,,,,
25/03/2026,16:23:11,pizza,Datáfono,"Adri, Lastra","1,20 €",pizza,,,,,,,,,,,,,
,,,Datáfono,,"2,50 €",pizza,,,,,,,,,,,,,
,,,Datáfono,,"4,00 €",pizza,,,,,,,,,,,,,
,,,Datáfono,,"3,00 €",pizza,,,,,,,,,,,,,
25/03/2026,15:32:33,Cafe con leche pequeño,Efectivo,"Lastra, Adri","1,20 €",,,,,,,,,,,,,,
25/03/2026,17:12:17,Sandwich pavo y queso,Datáfono,"Adri, Lastra","2,50 €",,,,,,,,,,,,,,
25/03/2026,15:40:21,Pack desayuno sandwich,Datáfono,,"3,00 €",,,,,,,,,,,,,,
25/03/2026,15:46:02,Pack desayuno sandwich,Datáfono,,"3,00 €",,,,,,,,,,,,,,
25/03/2026,15:47:56,Agua,Datáfono,"Adri, Lastra","3,00 €",pizza,,,,,,,,,,,,,
25/03/2026,16:23:59,pizza,Datáfono,"Adri, Lastra","3,00 €",pizza,,,,,,,,,,,,,
25/03/2026,16:26:11,pizza,Datáfono,"Adri, Lastra","1,20 €",pizza,,,,,,,,,,,,,
,,Sandwich pavo y queso,Datáfono,"Adri, Lastra","2,50 €",,,,,,,,,,,,,,
26/03/2026,10:20:41,Coca Cola,Datáfono,Mery,"3,00 €",,,,,,,,,,,,,,
26/03/2026,10:21:05,Sandwich pavo y queso,Datáfono,Mery,"3,00 €",,,,,,,,,,,,,,
26/03/2026,10:21:51,Cafe con leche grande,Efectivo,Mery,"4,00 €",,,,,,,,,,,,,,
26/03/2026,10:22:04,Cafe solo pequeño,Datáfono,Mery,"3,00 €",,,,,,,,,,,,,,
26/03/2026,10:22:25,Cafe solo pequeño,Datáfono,Mery,"3,00 €",,,,,,,,,,,,,,
,,Cafe solo pequeño,Datáfono,Mery,"2,50 €",,,,,,,,,,,,,,
26/03/2026,10:23:15,Cafe con leche grande,Datáfono,Mery,"1,20 €",,,,,,,,,,,,,,
26/03/2026,10:57:52,Cafe con leche grande,Datáfono,Mery,"2,50 €",,,,,,,,,,,,,,
26/03/2026,10:58:12,Cafe con leche grande,Datáfono,Mery,"1,50 €",,,,,,,,,,,,,,
26/03/2026,10:58:16,Cafe con leche grande,Datáfono,Mery,"1,20 €",,,,,,,,,,,,,,
26/03/2026,10:58:40,Cafe con leche grande,Datáfono,Mery,"1,20 €",,,,,,,,,,,,,,
26/03/2026,11:51:48,Cafe con leche grande,Datáfono,Mery,"1,20 €",,,,,,,,,,,,,,
26/03/2026,11:51:53,Cafe solo pequeño,Datáfono,Mery,"1,50 €",,,,,,,,,,,,,,
26/03/2026,12:04:14,Redbull blanco,Datáfono,Mery,"1,50 €",,,,,,,,,,,,,,
26/03/2026,12:08:24,Aquarius de limon,Datáfono,"Adri, Abrey","1,50 €",,,,,,,,,,,,,,
26/03/2026,12:08:28,Cafe con leche grande,Datáfono,"Adri, Abrey","1,50 €",,,,,,,,,,,,,,
,,ColaCao,Datáfono,"Adri, Abrey","1,50 €",,,,,,,,,,,,,,
26/03/2026,12:13:15,Aquarius de limon,Datáfono,"Adri, Abrey","1,50 €",,,,,,,,,,,,,,
26/03/2026,12:13:21,Croissant pavo y queso,Datáfono,"Adri, Abrey","1,20 €",,,,,,,,,,,,,,
09/04/2026,8:48:30,Cafe con leche grande,Datáfono,"Mery, Álvaro","1,70 €",,,,,,,,,,,,,,
09/04/2026,9:10:47,Cafe con leche grande,Datáfono,"Mery, Álvaro","1,20 €",,,,,,,,,,,,,,
09/04/2026,9:20:28,Cafe solo pequeño,Datáfono,"Mery, Álvaro","1,50 €",,,,,,,,,,,,,,
09/04/2026,9:20:39,Cafe con leche pequeño,Datáfono,"Mery, Álvaro","1,20 €",,,,,,,,,,,,,,
09/04/2026,9:20:58,Pack desayuno sandwich,Datáfono,"Álvaro, Mery","1,20 €",,,,,,,,,,,,,,
09/04/2026,9:36:20,Sandwich pavo y queso,Datáfono,"Mery, Álvaro","2,50 €",,,,,,,,,,,,,,
09/04/2026,10:23:19,Cafe sin lactosa pequeño,Datáfono,"Mery, Álvaro","1,50 €",,,,,,,,,,,,,,
09/04/2026,10:23:33,Cafe con leche grande,Datáfono,"Mery, Álvaro","1,50 €",,,,,,,,,,,,,,
09/04/2026,12:02:31,Cafe con leche grande,Datáfono,"Luca, Ángel","1,20 €",,,,,,,,,,,,,,
09/04/2026,13:52:48,Cafe solo grande,Efectivo,"Luca, Ángel","1,20 €",,,,,,,,,,,,,,
09/04/2026,13:53:00,Pack comida tortilla,Datáfono,"Luca, Ángel","3,00 €",,,,,,,,,,,,,,
09/04/2026,13:53:11,Sandwich pavo y queso,Datáfono,"Luca, Ángel","2,50 €",,,,,,,,,,,,,,
09/04/2026,13:55:23,Cafe con leche pequeño,Datáfono,"Luca, Ángel","1,20 €",,,,,,,,,,,,,,
09/04/2026,13:55:30,Cafe con leche grande,Datáfono,"Luca, Ángel","1,50 €",,,,,,,,,,,,,,
09/04/2026,13:55:57,Redbull sin azucar,Datáfono,"Luca, Ángel","1,50 €",,,,,,,,,,,,,,
09/04/2026,13:56:22,Sandwich pavo y queso,Datáfono,"Luca, Ángel","1,50 €",,,,,,,,,,,,,,
09/04/2026,13:57:56,Coca Cola Zero,Datáfono,"Luca, Ángel","4,75 €",,,,,,,,,,,,,,
09/04/2026,13:58:14,Pincho tortilla,Datáfono,"Luca, Ángel","2,50 €",,,,,,,,,,,,,,
09/04/2026,14:32:46,Pack desayuno sandwich,Datáfono,"Lastra, Aitana","1,20 €",,,,,,,,,,,,,,
09/04/2026,14:32:32,Sandwich pavo y queso,Efectivo,"Aitana, Lastra","1,50 €",,,,,,,,,,,,,,
09/04/2026,14:32:45,Bocata lomo y queso,Datáfono,"Aitana, Lastra","1,70 €",,,,,,,,,,,,,,
09/04/2026,14:32:58,Pincho tortilla,Datáfono,"Aitana, Lastra","2,50 €",,,,,,,,,,,,,,
09/04/2026,14:47:21,Cafe solo pequeño,Datáfono,"Aitana, Lastra","1,20 €",,,,,,,,,,,,,,
,,Cafe con leche grande,Datáfono,"Aitana, Lastra","1,50 €",,,,,,,,,,,,,,
09/04/2026,14:49:04,Agua,Efectivo,"Aitana, Lastra","3,00 €",,,,,,,,,,,,,,
10/04/2026,9:33:13,Pack desayuno sandwich,Datáfono,"Jose G, Vittorio","2,50 €",,,,,,,,,,,,,,
10/04/2026,9:31:57,Cafe sin lactosa grande,Datáfono,"Jose G, Vittorio","4,00 €",,,,,,,,,,,,,,
10/04/2026,10:15:54,Sandwich pavo y queso,Datáfono,"Jose G, Vittorio","1,50 €",,,,,,,,,,,,,,
10/04/2026,10:18:18,Sandwich pavo y queso,Datáfono,"Jose G, Vittorio","1,20 €",,,,,,,,,,,,,,
10/04/2026,10:42:31,Sandwich pavo y queso,Efectivo,"Jose G, Vittorio","1,50 €",,,,,,,,,,,,,,
10/04/2026,11:12:12,Sandwich pavo y queso,Datáfono,"Jose G, Vittorio","1,00 €",,,,,,,,,,,,,,
10/04/2026,11:12:14,Sandwich pavo y queso,Datáfono,"Jose G, Vittorio","3,00 €",,,,,,,,,,,,,,
10/04/2026,11:12:24,Redbull sin azucar,Datáfono,"Jose G, Vittorio","1,50 €",,,,,,,,,,,,,,
10/04/2026,11:16:15,Cafe solo pequeño,Datáfono,"Jose G, Vittorio","2,50 €",,,,,,,,,,,,,,
10/04/2026,12:15:25,Cafe con leche grande,Efectivo,"Vittorio, Bakr","2,50 €",,,,,,,,,,,,,,
10/04/2026,12:15:25,Cafe con leche grande,Efectivo,"Vittorio, Bakr","2,50 €",,,,,,,,,,,,,,
10/04/2026,12:26:01,Bocata lomo y queso,Datáfono,"Vittorio, Bakr","2,50 €",,,,,,,,,,,,,,
10/04/2026,12:26:28,Bocata lomo y queso,Efectivo,"Vittorio, Bakr","2,50 €",,,,,,,,,,,,,,
13/04/2026,8:35:17,Agua,Datáfono,Luca,"1,70 €",,,,,,,,,,,,,,
13/04/2026,8:35:50,Redbull sin azucar,Datáfono,Luca,"1,20 €",,,,,,,,,,,,,,
13/04/2026,9:25:25,Cafe con leche grande,Datáfono,Luca,"1,50 €",,,,,,,,,,,,,,
13/04/2026,9:25:40,GALLETA,Datáfono,Luca,"1,50 €",,,,,,,,,,,,,,
13/04/2026,9:26:04,Cafe con leche grande,Datáfono,Luca,"4,00 €",,,,,,,,,,,,,,
13/04/2026,10:05:09,Sandwich pavo y queso,Efectivo,"Claudia, Villasante","4,00 €",,,,,,,,,,,,,,
13/04/2026,11:18:53,Cafe con leche grande,Datáfono,"Luca, Villasante","1,00 €",,,,,,,,,,,,,,
13/04/2026,11:19:01,Cafe con leche grande,Datáfono,"Luca, Villasante","1,70 €",,,,,,,,,,,,,,
13/04/2026,11:49:40,Cafe con leche pequeño,Datáfono,"Luca, Villasante","1,50 €",,,,,,,,,,,,,,
13/04/2026,11:49:51,Cafe con leche grande,Datáfono,"Luca, Ángel","1,00 €",,,,,,,,,,,,,,
13/04/2026,11:50:40,Cafe con leche grande,Datáfono,"Luca, Ángel","1,50 €",,,,,,,,,,,,,,
13/04/2026,11:50:43,Cafe con leche pequeño,Datáfono,"Luca, Ángel","2,50 €",,,,,,,,,,,,,,
13/04/2026,11:51:25,Cafe con leche pequeño,Datáfono,"Luca, Ángel","1,50 €",,,,,,,,,,,,,,
13/04/2026,11:51:28,Cafe con leche pequeño,Datáfono,"Luca, Ángel","1,50 €",,,,,,,,,,,,,,
13/04/2026,12:26:33,Cafe con leche grande,Datáfono,"Canario, Kawtar","1,20 €",,,,,,,,,,,,,,
13/04/2026,12:26:49,Sandwich pavo y queso,Datáfono,"Canario, Kawtar","1,50 €",,,,,,,,,,,,,,
13/04/2026,12:27:07,Coca Cola Zero,Datáfono,"Canario, Kawtar","1,50 €",,,,,,,,,,,,,,
13/04/2026,13:00:22,Bocata lomo y queso,Datáfono,"Canario, Kawtar","1,20 €",,,,,,,,,,,,,,
13/04/2026,13:01:41,Cafe solo pequeño,Datáfono,"Canario, Kawtar","1,20 €",,,,,,,,,,,,,,
13/04/2026,13:01:41,Cafe solo pequeño,Datáfono,"Canario, Kawtar","1,20 €",,,,,,,,,,,,,,
13/04/2026,13:24:25,Redbull sin azucar,Datáfono,"Canario, Kawtar","1,50 €",,,,,,,,,,,,,,
13/04/2026,13:48:00,Sandwich pavo y queso,Efectivo,"Canario, Kawtar","2,50 €",,,,,,,,,,,,,,
13/04/2026,13:48:02,Bocata tortilla,Efectivo,"Canario, Kawtar","1,20 €",,,,,,,,,,,,,,
13/04/2026,14:04:52,Coca Cola Zero,Datáfono,"Canario, Kawtar","4,00 €",,,,,,,,,,,,,,
13/04/2026,14:04:27,Redbull sin azucar,Datáfono,"Canario, Kawtar","1,20 €",,,,,,,,,,,,,,
13/04/2026,14:15:23,GALLETA,Datáfono,"Canario, Kawtar","1,20 €",,,,,,,,,,,,,,
13/04/2026,14:15:26,Cafe con leche grande,Datáfono,"Canario, Kawtar","1,70 €",,,,,,,,,,,,,,
13/04/2026,14:51:00,Cafe con leche grande,Datáfono,"Canario, Kawtar","2,50 €",,,,,,,,,,,,,,
14/04/2026,8:47:38,Cafe con leche grande,Efectivo,"Sofía, Elías","4,00 €",,,,,,,,,,,,,,
14/04/2026,8:47:47,Sandwich pavo y queso,Efectivo,"Sofía, Elías","1,20 €",,,,,,,,,,,,,,
14/04/2026,9:19:14,Pack desayuno sandwich,Efectivo,"Sofía, Elías","1,70 €",,,,,,,,,,,,,,
14/04/2026,9:19:32,Cafe con leche grande,Efectivo,"Sofía, Elías","1,00 €",,,,,,,,,,,,,,
14/04/2026,9:43:32,Cafe con leche grande,Datáfono,"Sofía, Elías","1,50 €",,,,,,,,,,,,,,
14/04/2026,10:06:00,Cafe con leche grande,Efectivo,"Sofía, Elías","1,50 €",,,,,,,,,,,,,,
14/04/2026,10:06:02,Cafe con leche grande,Datáfono,"Sofía, Elías","1,50 €",,,,,,,,,,,,,,
14/04/2026,10:06:04,Cafe con leche grande,Datáfono,"Sofía, Elías","2,50 €",,,,,,,,,,,,,,
14/04/2026,10:42:12,Cafe americano grande,Datáfono,"Elías, Sofía","3,00 €",,,,,,,,,,,,,,
14/04/2026,10:42:14,Cafe americano grande,Datáfono,"Sofía, Elías","1,50 €",,,,,,,,,,,,,,
,,,Datáfono,"Mery, Álvaro","1,50 €",,,,,,,,,,,,,,
14/04/2026,11:16:15,Cafe con leche grande,Datáfono,"Mery, Álvaro","1,50 €",,,,,,,,,,,,,,
14/04/2026,11:16:33,Coca Cola Zero,Datáfono,"Mery, Álvaro","1,50 €",,,,,,,,,,,,,,
14/04/2026,11:19:45,Sandwich pavo y queso,Datáfono,"Mery, Álvaro","1,50 €",,,,,,,,,,,,,,
14/04/2026,11:28:06,GALLETA,Efectivo,"Mery, Álvaro","1,50 €",,,,,,,,,,,,,,
14/04/2026,12:31:06,Cafe con leche grande,Efectivo,"Mery, Álvaro","1,50 €",,,,,,,,,,,,,,
14/04/2026,12:31:20,Bocata lomo y queso,Datáfono,"Mery, Álvaro",,,,,,,,,,,,,,,
14/04/2026,13:32:09,GALLETA,Efectivo,"Álvaro, Mery","1,50 €",,,,,,,,,,,,,,
14/04/2026,13:46:54,Cafe con leche grande,Datáfono,"Álvaro, Mery","1,20 €",,,,,,,,,,,,,,
14/04/2026,14:25:04,GALLETA,Efectivo,"Aitana, Claudia","2,50 €",,,,,,,,,,,,,,
14/04/2026,14:25:06,GALLETA,Efectivo,"Aitana, Claudia","1,00 €",,,,,,,,,,,,,,
14/04/2026,14:25:24,Cafe sin lactosa grande,Datáfono,"Aitana, Claudia","1,50 €",,,,,,,,,,,,,,
14/04/2026,14:25:31,Cafe con leche grande,Datáfono,"Aitana, Claudia","4,00 €",,,,,,,,,,,,,,
14/04/2026,14:27:41,Bocata lomo y queso,Datáfono,"Aitana, Claudia","1,00 €",,,,,,,,,,,,,,
14/04/2026,14:47:29,Cafe americano pequeño,Datáfono,"Aitana, Claudia","1,50 €",,,,,,,,,,,,,,
14/04/2026,14:47:37,Cafe con leche grande,Datáfono,"Aitana, Claudia","1,00 €",,,,,,,,,,,,,,
14/04/2026,16:02:06,Pack desayuno sandwich,Datáfono,"Aitana, Claudia","1,00 €",Con corissant,,,,,,,,,,,,,
14/04/2026,16:02:22,Cafe americano grande,Datáfono,"Aitana, Claudia","1,50 €",,,,,,,,,,,,,,
14/04/2026,16:03:03,Cafe con leche grande,Datáfono,"Aitana, Claudia","1,50 €",,,,,,,,,,,,,,
14/04/2026,16:03:04,Cafe con leche grande,Datáfono,"Aitana, Claudia","4,00 €",,,,,,,,,,,,,,
14/04/2026,16:03:09,Cafe con leche grande,Datáfono,"Aitana, Claudia","1,20 €",,,,,,,,,,,,,,
14/04/2026,16:05:27,GALLETA,Datáfono,,"1,50 €",,,,,,,,,,,,,,
14/04/2026,16:07:17,GALLETA,,,"3,00 €",,,,,,,,,,,,,,
15/04/2026,8:32:05,Cafe con leche grande,Datáfono,"Jose G, Villasante","1,50 €",,,,,,,,,,,,,,
15/04/2026,8:50:39,Cafe con leche grande,Efectivo,"Jose G, Villasante","1,50 €",,,,,,,,,,,,,,
,,GALLETA,Datáfono,"Jose G, Villasante","1,50 €",,,,,,,,,,,,,,
15/04/2026,8:53:43,GALLETA,Datáfono,"Jose G, Villasante","1,50 €",Galleta de 2x1,,,,,,,,,,,,,
15/04/2026,9:42:45,Cafe con leche grande,Datáfono,"Jose G, Villasante","1,00 €",,,,,,,,,,,,,,
15/04/2026,11:18:47,Cafe con leche grande,Datáfono,"Jose G, Villasante","1,00 €",,,,,,,,,,,,,,
15/04/2026,11:22:13,GALLETA,Datáfono,"Jose G, Villasante","1,50 €",,,,,,,,,,,,,,
15/04/2026,11:22:14,GALLETA,Datáfono,"Jose G, Villasante","1,50 €",galleta 2x1,,,,,,,,,,,,,
15/04/2026,11:22:50,Cafe con leche grande,Datáfono,"Jose G, Villasante","1,00 €",,,,,,,,,,,,,,
15/04/2026,11:22:58,Cafe con leche grande,Datáfono,"Jose G, Villasante",,,,,,,,,,,,,,,
15/04/2026,11:23:23,Cafe con leche grande,Datáfono,"Jose G, Villasante","1,50 €",cafe mas galleta,,,,,,,,,,,,,
15/04/2026,11:23:46,Cafe solo pequeño,Datáfono,"Jose G, Villasante","1,50 €",,,,,,,,,,,,,,
15/04/2026,11:23:59,Sandwich pavo y queso,Datáfono,"Jose G, Villasante","1,00 €",,,,,,,,,,,,,,
15/04/2026,11:24:11,Cafe con leche grande,Datáfono,"Jose G, Villasante",,cafe mas galleta,,,,,,,,,,,,,
15/04/2026,11:24:49,Cafe solo pequeño,Datáfono,"Jose G, Villasante","1,50 €",descafeinado,,,,,,,,,,,,,
15/04/2026,11:25:05,GALLETA,Datáfono,"Jose G, Villasante","1,50 €",,,,,,,,,,,,,,
15/04/2026,11:25:07,GALLETA,Datáfono,"Jose G, Villasante","2,00 €",galleta 2x1,,,,,,,,,,,,,
15/04/2026,11:25:29,Sandwich pavo y queso,Datáfono,"Jose G, Villasante","1,20 €",,,,,,,,,,,,,,
15/04/2026,11:25:41,Cafe solo pequeño,Datáfono,"Jose G, Villasante","2,50 €",,,,,,,,,,,,,,
15/04/2026,11:25:58,Pack desayuno sandwich,Datáfono,"Jose G, Villasante","2,00 €",,,,,,,,,,,,,,
15/04/2026,11:26:15,Sandwich pavo y queso,Datáfono,"Jose G, Villasante","1,20 €",,,,,,,,,,,,,,
15/04/2026,11:26:22,GALLETA,Datáfono,"Jose G, Villasante","1,00 €",,,,,,,,,,,,,,
15/04/2026,11:26:24,GALLETA,Datáfono,"Jose G, Villasante",,galleta 2x1,,,,,,,,,,,,,
15/04/2026,11:46:00,GALLETA,Datáfono,"Jose G, Villasante","2,50 €",,,,,,,,,,,,,,
15/04/2026,11:46:03,GALLETA,,,"1,20 €",,,,,,,,,,,,,,
15/04/2026,12:32:18,pizza,Datáfono,"Bakr, Piti Piti","3,00 €",,,,,,,,,,,,,,
15/04/2026,12:32:20,pizza,Datáfono,"Bakr, Piti Piti","2,50 €",,,,,,,,,,,,,,
15/04/2026,12:32:23,pizza,Datáfono,"Bakr, Piti Piti","1,00 €",,,,,,,,,,,,,,
15/04/2026,12:32:25,pizza,Datáfono,"Bakr, Piti Piti",,,,,,,,,,,,,,,
15/04/2026,13:19:11,pizza,Datáfono,"Bakr, Piti Piti","1,00 €",,,,,,,,,,,,,,
15/04/2026,13:19:46,Cafe con leche grande,Datáfono,"Bakr, Piti Piti",,,,,,,,,,,,,,,
15/04/2026,13:19:49,Cafe con leche grande,Datáfono,"Bakr, Piti Piti","3,00 €",,,,,,,,,,,,,,
15/04/2026,13:35:08,Cafe con leche grande,Datáfono,"Bakr, Piti Piti","3,00 €",,,,,,,,,,,,,,
15/04/2026,14:09:08,Coca Cola,Datáfono,"Bakr, Piti Piti","3,00 €",,,,,,,,,,,,,,
15/04/2026,14:13:32,Cafe solo pequeño,Datáfono,"Bakr, Piti Piti","2,50 €",,,,,,,,,,,,,,
15/04/2026,15:19:49,GALLETA,Datáfono,"Bakr, Piti Piti","3,00 €",,,,,,,,,,,,,,
15/04/2026,16:32:42,Sandwich pavo y queso,Datáfono,"Bakr, Piti Piti","1,50 €",,,,,,,,,,,,,,
15/04/2026,16:33:08,Cafe con leche pequeño,Datáfono,"Bakr, Piti Piti","1,50 €",Cafe con galleta,,,,,,,,,,,,,
16/04/2026,9:37:15,Sandwich pavo y queso,Datáfono,"Mery, Álvaro","1,50 €",,,,,,,,,,,,,,
,,Agua,Datáfono,"Mery, Álvaro","1,20 €",,,,,,,,,,,,,,
,,Cafe con leche pequeño,Datáfono,"Mery, Álvaro","1,20 €",,,,,,,,,,,,,,
,,Aquarius de limon,Datáfono,"Mery, Álvaro","1,00 €",,,,,,,,,,,,,,
,,Sandwich pavo y queso,Efectivo,"Mery, Álvaro","2,50 €",,,,,,,,,,,,,,
16/04/2026,9:44:34,Redbull sin azucar,Datáfono,"Mery, Álvaro","1,70 €",,,,,,,,,,,,,,
16/04/2026,9:49:40,Cafe con leche pequeño,Datáfono,"Mery, Álvaro","2,50 €",,,,,,,,,,,,,,
,,Sandwich pavo y queso,Efectivo,"Mery, Álvaro",,,,,,,,,,,,,,,
16/04/2026,9:57:54,Sandwich pavo y queso,Datáfono,"Mery, Álvaro","1,20 €",,,,,,,,,,,,,,
16/04/2026,10:16:49,Cafe con leche grande,Datáfono,"Mery, Álvaro","1,20 €",,,,,,,,,,,,,,
16/04/2026,10:55:18,Cafe solo pequeño,Datáfono,"Mery, Álvaro","2,50 €",,,,,,,,,,,,,,
16/04/2026,11:02:32,Cafe con leche grande,Datáfono,"Mery, Álvaro","1,70 €",,,,,,,,,,,,,,
16/04/2026,11:30:07,Cafe solo pequeño,Datáfono,,"1,20 €",,,,,,,,,,,,,,
16/04/2026,11:30:18,Sandwich pavo y queso,Datáfono,,"2,50 €",,,,,,,,,,,,,,
16/04/2026,11:30:19,Sandwich pavo y queso,Datáfono,,"2,50 €",,,,,,,,,,,,,,
16/04/2026,14:31:01,Coca Cola Zero,Datáfono,Piti Piti,"1,50 €",,,,,,,,,,,,,,
16/04/2026,14:37:00,Cafe solo pequeño,Efectivo,Piti Piti,"1,20 €",,,,,,,,,,,,,,
16/04/2026,14:36:52,Cafe con leche grande,Datáfono,Piti Piti,"1,50 €",,,,,,,,,,,,,,
16/04/2026,14:54:40,Cafe solo pequeño,Datáfono,Piti Piti,"1,20 €",,,,,,,,,,,,,,
17/04/2026,8:40:32,Cafe con leche grande,Datáfono,"Canario, Kawtar","2,50 €",,,,,,,,,,,,,,
17/04/2026,8:42:45,Redbull sin azucar,Datáfono,"Canario, Kawtar","2,50 €",,,,,,,,,,,,,,
17/04/2026,8:59:53,Cafe sin lactosa grande,Datáfono,"Canario, Kawtar","1,20 €",,,,,,,,,,,,,,
17/04/2026,8:59:55,Cafe sin lactosa grande,Datáfono,"Canario, Kawtar","1,20 €",,,,,,,,,,,,,,
17/04/2026,10:26:24,Cafe con leche pequeño,Datáfono,"Canario, Kawtar","1,50 €",,,,,,,,,,,,,,
17/04/2026,10:26:30,Cafe con leche pequeño,Datáfono,"Canario, Kawtar","1,20 €",,,,,,,,,,,,,,
17/04/2026,10:26:34,Coca Cola,Datáfono,"Canario, Kawtar","1,50 €",,,,,,,,,,,,,,
17/04/2026,10:26:40,Bocata jamón,Datáfono,"Canario, Kawtar","1,70 €",,,,,,,,,,,,,,
17/04/2026,14:48:10,descuadre,,Bakr,"1,50 €",,,,,,,,,,,,,,
17/04/2026,11:08:08,Sandwich pavo y queso,Datáfono,"Canario, Kawtar","1,50 €",,,,,,,,,,,,,,
17/04/2026,11:08:19,Agua,Datáfono,"Canario, Kawtar","1,20 €",,,,,,,,,,,,,,
17/04/2026,13:12:40,Sandwich pavo y queso,Datáfono,Elías,"1,20 €",,,,,,,,,,,,,,
17/04/2026,13:12:54,Cafe con leche pequeño,Datáfono,Elías,"1,20 €",,,,,,,,,,,,,,
17/04/2026,13:13:04,Cafe con leche grande,Datáfono,Elías,"3,50 €",,,,,,,,,,,,,,
20/04/2026,10:27:25,Cafe con leche grande,Efectivo,Adri,,,,,,,,,,,,,,,
20/04/2026,10:54:22,Redbull sin azucar,Datáfono,,"2,50 €",,,,,,,,,,,,,,
20/04/2026,10:54:48,Cafe solo pequeño,Datáfono,,"1,00 €",,,,,,,,,,,,,,
20/04/2026,10:55:11,Cafe solo pequeño,Datáfono,,"2,50 €",Doble,,,,,,,,,,,,,
20/04/2026,10:55:33,Cafe solo pequeño,Datáfono,,"1,20 €",Doble,,,,,,,,,,,,,
20/04/2026,10:55:58,Cafe americano grande,Datáfono,,"1,50 €",,,,,,,,,,,,,,
20/04/2026,13:29:07,Bocata tortilla,Datáfono,"Luca, Ángel","1,50 €",,,,,,,,,,,,,,
20/04/2026,13:29:20,Bocata tortilla,Datáfono,"Luca, Ángel","1,80 €",,,,,,,,,,,,,,
20/04/2026,13:29:44,Bocata lomo y queso,Datáfono,"Luca, Ángel","1,00 €",,,,,,,,,,,,,,
20/04/2026,13:43:04,Croissant a la plancha,Datáfono,"Luca, Ángel","1,20 €",,,,,,,,,,,,,,
,,Bocata lomo y queso,Datáfono,"Luca, Ángel","1,20 €",,,,,,,,,,,,,,
20/04/2026,15:41:19,Bocata lomo y queso,Datáfono,"Luca, Ángel","1,50 €",,,,,,,,,,,,,,
20/04/2026,15:43:09,Cafe con leche pequeño,Datáfono,"Luca, Ángel","3,50 €",,,,,,,,,,,,,,
20/04/2026,15:45:17,Cafe con leche pequeño,Datáfono,"Luca, Ángel","3,50 €",,,,,,,,,,,,,,
20/04/2026,15:46:10,Cafe con leche pequeño,Datáfono,"Luca, Ángel","4,00 €",,,,,,,,,,,,,,
,,Cafe con leche grande,Datáfono,"Luca, Ángel","1,50 €",,,,,,,,,,,,,,
20/04/2026,15:50:05,Redbull sin azucar,Datáfono,"Luca, Ángel","4,00 €",,,,,,,,,,,,,,
20/04/2026,15:50:37,Cafe con leche grande,Datáfono,"Luca, Ángel","4,00 €",,,,,,,,,,,,,,
,,Cafe con leche grande,Datáfono,"Luca, Ángel","1,20 €",,,,,,,,,,,,,,
20/04/2026,15:52:37,Agua,Datáfono,"Luca, Ángel","1,20 €",,,,,,,,,,,,,,
20/04/2026,15:52:32,Bocata lomo y queso,Datáfono,"Luca, Ángel","1,20 €",,,,,,,,,,,,,,
,,Bocata tortilla,Datáfono,"Luca, Ángel","1,50 €",,,,,,,,,,,,,,
,,Cafe con leche grande,Datáfono,"Luca, Ángel","1,70 €",,,,,,,,,,,,,,
,,Cafe con leche pequeño,Datáfono,"Luca, Ángel","1,50 €",,,,,,,,,,,,,,
,,Cafe con leche pequeño,Datáfono,"Sofía, Elías","1,50 €",,,,,,,,,,,,,,
21/04/2026,9:09:50,Redbull sin azucar,Datáfono,"Sofía, Elías","1,00 €",,,,,,,,,,,,,,
21/04/2026,9:15:39,Pack desayuno sandwich,Datáfono,"Sofía, Elías","4,00 €",,,,,,,,,,,,,,
21/04/2026,9:27:39,Agua,Datáfono,"Sofía, Elías","3,50 €",,,,,,,,,,,,,,
21/04/2026,9:27:50,Croissant a la plancha,Datáfono,"Sofía, Elías","1,50 €",,,,,,,,,,,,,,
21/04/2026,10:16:18,Pack desayuno sandwich,Efectivo,"Sofía, Elías","1,20 €",,,,,,,,,,,,,,
21/04/2026,10:16:18,Cafe con leche grande,Datáfono,"Elías, Sofía","1,20 €",,,,,,,,,,,,,,
21/04/2026,10:16:21,Gofre,Datáfono,"Sofía, Elías","1,70 €",,,,,,,,,,,,,,
,,Cafe con leche grande,Datáfono,"Elías, Sofía","3,00 €",,,,,,,,,,,,,,
21/04/2026,10:53:11,Sandwich pavo y queso,Datáfono,"Sofía, Elías","1,00 €",,,,,,,,,,,,,,
21/04/2026,13:10:40,Cafe con leche grande,Datáfono,"Mery, Álvaro","1,50 €",,,,,,,,,,,,,,
21/04/2026,13:10:44,Cafe solo pequeño,Datáfono,"Mery, Álvaro","3,00 €",,,,,,,,,,,,,,
21/04/2026,13:10:48,Sandwich pavo y queso,Datáfono,"Mery, Álvaro","1,50 €",,,,,,,,,,,,,,
21/04/2026,13:11:00,Sandwich pavo y queso,Datáfono,"Mery, Álvaro","2,50 €",,,,,,,,,,,,,,
21/04/2026,13:11:02,Sandwich pavo y queso,Datáfono,"Mery, Álvaro","1,50 €",,,,,,,,,,,,,,
,,Sandwich pavo y queso,Efectivo,"Mery, Álvaro","2,50 €",,,,,,,,,,,,,,
,,Cafe con leche pequeño,Datáfono,"Mery, Álvaro","1,50 €",,,,,,,,,,,,,,
21/04/2026,13:11:23,Agua,Datáfono,"Mery, Álvaro","1,20 €",,,,,,,,,,,,,,
21/04/2026,13:11:31,Croissant pavo y queso,Datáfono,"Mery, Álvaro","2,50 €",,,,,,,,,,,,,,
21/04/2026,14:34:20,Croissant pavo y queso,Datáfono,"Sofía, Bakr","2,50 €",,,,,,,,,,,,,,
21/04/2026,14:59:37,Bocata lomo y queso,Datáfono,"Sofía, Bakr","2,50 €",,,,,,,,,,,,,,
22/04/2026,8:51:16,Cafe con leche grande,Datáfono,"Sofía, Adri","2,50 €",,,,,,,,,,,,,,
22/04/2026,8:51:19,Cafe con leche grande,Datáfono,"Sofía, Adri","1,20 €",,,,,,,,,,,,,,
22/04/2026,8:52:04,Cafe con leche pequeño,Datáfono,"Sofía, Adri","1,00 €",,,,,,,,,,,,,,
22/04/2026,8:55:52,Cafe con leche grande,Datáfono,"Sofía, Adri","2,50 €",,,,,,,,,,,,,,
22/04/2026,9:39:51,Cafe con leche grande,Datáfono,"Sofía, Adri","2,50 €",,,,,,,,,,,,,,
22/04/2026,9:58:18,Cafe sin lactosa grande,Efectivo,"Sofía, Adri","4,00 €",,,,,,,,,,,,,,
22/04/2026,9:58:32,Redbull naranja,Datáfono,"Sofía, Adri","1,50 €",,,,,,,,,,,,,,
22/04/2026,10:55:34,Cafe con leche grande,Datáfono,"Sofía, Bakr","1,50 €",,,,,,,,,,,,,,
22/04/2026,10:55:48,Sandwich pavo y queso,Datáfono,"Sofía, Bakr","1,20 €",,,,,,,,,,,,,,
22/04/2026,11:37:59,Sandwich pavo y queso,Datáfono,"Sofía, Bakr","1,50 €",,,,,,,,,,,,,,
22/04/2026,11:37:47,Cafe con leche grande,Datáfono,"Sofía, Bakr","1,50 €",,,,,,,,,,,,,,
22/04/2026,11:49:21,descuadre,Datáfono,"Sofía, Bakr","1,50 €",,,,,,,,,,,,,,
22/04/2026,12:54:28,Cafe con leche grande,Datáfono,"Villasante, Ángel","1,80 €",,,,,,,,,,,,,,
22/04/2026,12:54:48,Bocata tortilla,Datáfono,"Ángel, Villasante","1,50 €",,,,,,,,,,,,,,
22/04/2026,12:58:06,pizza,Datáfono,"Villasante, Ángel","2,50 €",,,,,,,,,,,,,,
22/04/2026,13:47:04,Pack desayuno sandwich,Datáfono,"Villasante, Ángel","2,50 €",,,,,,,,,,,,,,
22/04/2026,13:47:14,Cafe con leche grande,Datáfono,"Villasante, Ángel","1,50 €",,,,,,,,,,,,,,
22/04/2026,13:47:12,Cafe solo pequeño,Efectivo,"Villasante, Ángel","-3,50 €",,,,,,,,,,,,,,
,,Cafe con leche pequeño,Datáfono,"Ángel, Villasante","1,50 €",,,,,,,,,,,,,,
22/04/2026,13:58:18,Aquarius de limon,Datáfono,"Villasante, Ángel","4,00 €",,,,,,,,,,,,,,
22/04/2026,14:38:43,Bocata lomo y queso,Datáfono,"Villasante, Ángel","3,00 €",,,,,,,,,,,,,,
22/04/2026,14:52:04,Cafe sin lactosa pequeño,Datáfono,"Villasante, Ángel","3,00 €",,,,,,,,,,,,,,
22/04/2026,14:54:09,Cafe con leche pequeño,Datáfono,"Villasante, Ángel","1,50 €",,,,,,,,,,,,,,
22/04/2026,15:03:57,Sandwich pavo y queso,Datáfono,"Villasante, Ángel","1,20 €",,,,,,,,,,,,,,
23/04/2026,10:56:58,Sandwich pavo y queso,Datáfono,"Álvaro, Mery","1,20 €",,,,,,,,,,,,,,
23/04/2026,10:57:00,Sandwich pavo y queso,Datáfono,"Álvaro, Mery","1,20 €",,,,,,,,,,,,,,
23/04/2026,10:57:02,Sandwich pavo y queso,Datáfono,"Álvaro, Mery","4,00 €",,,,,,,,,,,,,,
23/04/2026,10:57:13,Cafe con leche grande,Datáfono,"Álvaro, Mery","1,20 €",,,,,,,,,,,,,,
23/04/2026,10:57:17,Cafe con leche grande,Datáfono,"Álvaro, Mery","1,20 €",,,,,,,,,,,,,,
23/04/2026,10:57:17,Cafe con leche grande,Datáfono,"Álvaro, Mery","2,50 €",,,,,,,,,,,,,,
23/04/2026,10:57:21,Cafe con leche grande,Efectivo,"Álvaro, Mery","2,50 €",,,,,,,,,,,,,,
23/04/2026,10:57:22,Cafe con leche grande,Efectivo,"Álvaro, Mery","2,50 €",,,,,,,,,,,,,,
23/04/2026,10:57:26,Cafe con leche grande,Datáfono,"Álvaro, Mery","2,50 €",,,,,,,,,,,,,,
23/04/2026,10:57:37,Coca Cola,Datáfono,"Álvaro, Mery","1,50 €",,,,,,,,,,,,,,
23/04/2026,10:57:40,Fanta de naranja,Datáfono,"Álvaro, Mery","1,50 €",,,,,,,,,,,,,,
23/04/2026,10:57:43,Agua,Datáfono,"Álvaro, Mery","1,50 €",,,,,,,,,,,,,,
23/04/2026,10:57:59,Croissant pavo y queso,Efectivo,"Álvaro, Mery","1,50 €",,,,,,,,,,,,,,
23/04/2026,10:58:02,Croissant pavo y queso,Datáfono,"Álvaro, Mery","1,50 €",,,,,,,,,,,,,,
23/04/2026,10:58:48,Cafe con leche grande,Efectivo,"Álvaro, Mery","1,50 €",,,,,,,,,,,,,,
23/04/2026,11:01:53,Cafe solo pequeño,Datáfono,"Álvaro, Mery","1,20 €",,,,,,,,,,,,,,
23/04/2026,11:39:20,Cafe solo pequeño,Datáfono,"Aitana, Sofía","1,20 €",,,,,,,,,,,,,,
23/04/2026,11:39:23,Sandwich pavo y queso,Datáfono,"Aitana, Sofía","1,00 €",,,,,,,,,,,,,,
23/04/2026,11:39:25,Sandwich pavo y queso,Datáfono,"Aitana, Sofía","2,50 €",,,,,,,,,,,,,,
23/04/2026,11:39:29,Pack desayuno sandwich,Datáfono,"Aitana, Sofía","2,50 €",,,,,,,,,,,,,,
23/04/2026,11:57:29,Sandwich pavo y queso,Datáfono,"Aitana, Sofía","1,50 €",,,,,,,,,,,,,,
23/04/2026,12:24:17,Sandwich pavo y queso,Datáfono,"Aitana, Sofía","1,20 €",,,,,,,,,,,,,,
23/04/2026,12:46:12,Bocata lomo y queso,Datáfono,"Aitana, Sofía","1,20 €",,,,,,,,,,,,,,
23/04/2026,12:46:53,Agua,Datáfono,"Aitana, Sofía","2,50 €",,,,,,,,,,,,,,
23/04/2026,12:56:21,Cafe con leche grande,Datáfono,"Aitana, Sofía","2,50 €",,,,,,,,,,,,,,
23/04/2026,12:56:24,Cafe con leche grande,Datáfono,"Aitana, Sofía","3,00 €",,,,,,,,,,,,,,
23/04/2026,13:08:12,Redbull sin azucar,Datáfono,"Aitana, Sofía","2,50 €",,,,,,,,,,,,,,
23/04/2026,13:08:41,Redbull sin azucar,Datáfono,"Aitana, Sofía","2,50 €",,,,,,,,,,,,,,
23/04/2026,13:34:52,Redbull sin azucar,Datáfono,"Aitana, Sofía","4,00 €",,,,,,,,,,,,,,
23/04/2026,14:54:22,Agua,Datáfono,"Elías, Piti Piti","1,00 €",,,,,,,,,,,,,,
23/04/2026,15:25:32,Cafe con leche pequeño,Datáfono,"Elías, Piti Piti","1,50 €",,,,,,,,,,,,,,
23/04/2026,15:26:00,Cafe con leche pequeño,Datáfono,"Elías, Piti Piti","1,50 €",,,,,,,,,,,,,,
,,Cafe con leche pequeño,Datáfono,"Elías, Piti Piti","1,70 €",,,,,,,,,,,,,,
27/04/2026,8:40:35,Cafe con leche grande,Datáfono,Claudia,"1,70 €", ,,,,,,,,,,,,,
27/04/2026,8:41:03,Cafe sin lactosa grande,Datáfono,Claudia,"1,70 €",,,,,,,,,,,,,,
27/04/2026,8:54:25,Cafe sin lactosa grande,Datáfono,Claudia,"1,00 €",,,,,,,,,,,,,,
27/04/2026,8:59:17,pizza,Datáfono,Claudia,"1,20 €",,,,,,,,,,,,,,
27/04/2026,8:59:17,pizza,Datáfono,Claudia,"1,20 €",,,,,,,,,,,,,,
27/04/2026,9:21:53,Cafe con leche pequeño,Datáfono,Claudia,"1,20 €",,,,,,,,,,,,,,
27/04/2026,9:22:09,Redbull sin azucar,Efectivo,Claudia,"1,50 €",,,,,,,,,,,,,,
27/04/2026,10:44:41,Cafe con leche grande,Datáfono,Sofía,"2,50 €",,,,,,,,,,,,,,
27/04/2026,13:52:00,Cafe con leche grande,Datáfono,Sofía,"1,50 €",,,,,,,,,,,,,,
27/04/2026,13:52:06,Cafe americano pequeño,Datáfono,Sofía,"3,00 €",,,,,,,,,,,,,,
27/04/2026,10:56:53,Cafe con leche grande,Datáfono,Sofía,"3,00 €",,,,,,,,,,,,,,
27/04/2026,13:51:36,Cafe americano grande,Datáfono,Sofía,"1,20 €",,,,,,,,,,,,,,
27/04/2026,13:53:24,Pincho tortilla,Datáfono,Sofía,"1,70 €",,,,,,,,,,,,,,
27/04/2026,13:53:40,pizza,Efectivo,"Claudia, Aitana","1,50 €",,,,,,,,,,,,,,
,,Bocata lomo y queso,Efectivo,,"1,50 €",,,,,,,,,,,,,,
27/04/2026,15:58:33,Bocata lomo y queso,Efectivo,,"1,20 €",,,,,,,,,,,,,,
27/04/2026,15:58:27,Bocata tortilla,Efectivo,,"1,50 €",,,,,,,,,,,,,,
27/04/2026,15:58:39,Bocata lomo y queso,Datáfono,,"1,50 €",Medio bocata,,,,,,,,,,,,,
27/04/2026,15:59:41,Bocata lomo y queso,Datáfono,,"1,50 €",,,,,,,,,,,,,,
27/04/2026,15:59:46,Bocata lomo y queso,Datáfono,,"3,00 €",,,,,,,,,,,,,,
27/04/2026,16:00:54,Bocata tortilla,Efectivo,,"3,50 €",,,,,,,,,,,,,,
27/04/2026,16:01:30,Cafe con leche grande,Datáfono,,"3,50 €",,,,,,,,,,,,,,
27/04/2026,16:01:32,Cafe con leche grande,Datáfono,,"3,50 €",,,,,,,,,,,,,,
27/04/2026,16:01:41,Cafe con leche grande,Datáfono,,"2,00 €",,,,,,,,,,,,,,
27/04/2026,16:01:48,Cafe con leche grande,Datáfono,,"3,50 €",,,,,,,,,,,,,,
27/04/2026,16:02:05,Cafe con leche grande,Datáfono,,"3,50 €",,,,,,,,,,,,,,
27/04/2026,16:02:21,Cafe solo pequeño,Efectivo,,"3,50 €",,,,,,,,,,,,,,
27/04/2026,16:02:27,Cafe americano pequeño,Datáfono,,"1,50 €",,,,,,,,,,,,,,
27/04/2026,16:02:47,Cafe solo pequeño,Datáfono,,"1,50 €",,,,,,,,,,,,,,
27/04/2026,16:02:52,Cafe solo pequeño,Datáfono,,"1,50 €",,,,,,,,,,,,,,
27/04/2026,16:03:44,Cafe con leche grande,Datáfono,,"1,50 €",,,,,,,,,,,,,,
27/04/2026,16:03:38,Coca Cola Zero,Datáfono,,"1,50 €",,,,,,,,,,,,,,
27/04/2026,16:04:48,Bocata lomo y queso,Datáfono,,"1,20 €",,,,,,,,,,,,,,
28/04/2026,8:15:20,Cafe con leche grande,Datáfono,"Luca, Jose G","1,20 €",,,,,,,,,,,,,,
28/04/2026,9:20:19,Redbull sin azucar,Datáfono,"Luca, Jose G","1,20 €",,,,,,,,,,,,,,
28/04/2026,9:30:08,Cafe con leche grande,Datáfono,"Luca, Jose G","1,20 €",,,,,,,,,,,,,,
28/04/2026,9:34:57,Cafe americano grande,Datáfono,"Luca, Jose G","1,50 €",,,,,,,,,,,,,,
28/04/2026,10:09:14,Sandwich pavo y queso,Datáfono,"Luca, Jose G","1,20 €",,,,,,,,,,,,,,
28/04/2026,10:10:22,Sandwich pavo y queso,Datáfono,"Luca, Jose G","3,50 €",,,,,,,,,,,,,,
28/04/2026,10:35:41,Cafe con leche grande,Datáfono,"Luca, Jose G","1,50 €",,,,,,,,,,,,,,
28/04/2026,10:40:42,Cafe con leche grande,Datáfono,"Luca, Jose G","1,70 €",,,,,,,,,,,,,,
28/04/2026,10:48:35,Cafe con leche grande,Datáfono,"Luca, Jose G","1,50 €",,,,,,,,,,,,,,
,,Cafe con leche grande,Datáfono,"Luca, Jose G","1,50 €",,,,,,,,,,,,,,
28/04/2026,10:54:06,Cafe con leche grande,Datáfono,"Luca, Jose G","2,50 €",,,,,,,,,,,,,,
28/04/2026,11:59:38,Agua,Datáfono,"Mery, Álvaro","2,50 €",,,,,,,,,,,,,,
28/04/2026,11:59:53,Cafe solo pequeño,Datáfono,"Mery, Álvaro","1,50 €",,,,,,,,,,,,,,
,,Redbull sin azucar,Datáfono,"Mery, Álvaro","1,50 €",,,,,,,,,,,,,,
28/04/2026,14:01:01,Pack comida lomo,Datáfono,"Mery, Álvaro","1,50 €",,,,,,,,,,,,,,
,,Bocata lomo y queso,Datáfono,"Mery, Álvaro","1,50 €",,,,,,,,,,,,,,
,,Pincho tortilla,Datáfono,"Mery, Álvaro","1,50 €",,,,,,,,,,,,,,
28/04/2026,14:03:38,Cafe con leche grande,Datáfono,"Mery, Álvaro","1,00 €",,,,,,,,,,,,,,
,,Cafe con leche grande,Datáfono,"Mery, Álvaro","1,20 €",,,,,,,,,,,,,,
28/04/2026,14:22:30,Cafe con leche grande,Datáfono,"Piti Piti, Bakr",,,,,,,,,,,,,,,
28/04/2026,14:22:57,Cafe con leche grande,Datáfono,"Piti Piti, Bakr","4,75 €",,,,,,,,,,,,,,
28/04/2026,14:29:36,Cafe con leche grande,Datáfono,"Piti Piti, Bakr",,,,,,,,,,,,,,,
28/04/2026,14:33:57,pizza,Datáfono,"Piti Piti, Bakr",,,,,,,,,,,,,,,
28/04/2026,14:35:25,cafe avena grande,Datáfono,"Piti Piti, Bakr","1,50 €",,,,,,,,,,,,,,
29/04/2026,8:05:31,Te,Datáfono,Adri,,,,,,,,,,,,,,,
,,Cafe con leche grande,Datáfono,Adri,"1,50 €",,,,,,,,,,,,,,
29/04/2026,8:22:26,Cafe con leche grande,Datáfono,"Málaga, Adri","1,50 €",,,,,,,,,,,,,,
29/04/2026,8:21:54,Cafe con leche grande,Datáfono,"Málaga, Adri","2,00 €",,,,,,,,,,,,,,
29/04/2026,8:22:24,Cafe con leche grande,Datáfono,"Málaga, Adri","3,00 €",,,,,,,,,,,,,,
,,Cafe con leche grande,Datáfono,"Málaga, Adri","1,50 €",,,,,,,,,,,,,,
29/04/2026,10:51:53,bocadillo lomo aceite y tomate,Datáfono,"Málaga, Adri","1,20 €",,,,,,,,,,,,,,
29/04/2026,10:52:40,Cafe con leche grande,Datáfono,"Málaga, Adri","1,50 €",,,,,,,,,,,,,,
,,Cafe con leche grande,Datáfono,"Málaga, Adri","1,50 €",,,,,,,,,,,,,,
,,Cafe con leche grande,Datáfono,"Málaga, Adri","1,50 €",,,,,,,,,,,,,,
29/04/2026,10:54:22,Sandwich pavo y queso,Datáfono,"Málaga, Adri","1,50 €",,,,,,,,,,,,,,
29/04/2026,10:56:36,Pack desayuno sandwich,Datáfono,"Málaga, Adri","1,50 €",,,,,,,,,,,,,,
,,,,,"2,50 €",,,,,,,,,,,,,,
29/04/2026,11:05:19,Cafe sin lactosa pequeño,Efectivo,"Málaga, Adri","1,50 €",,,,,,,,,,,,,,
29/04/2026,11:25:58,Sandwich pavo y queso,Datáfono,"Málaga, Adri","1,50 €",,,,,,,,,,,,,,
29/04/2026,11:30:17,Cafe con leche pequeño,Datáfono,"Málaga, Adri","1,50 €",,,,,,,,,,,,,,
29/04/2026,11:30:26,Redbull sin azucar,Datáfono,"Málaga, Adri","2,50 €",es un redbull normala,,,,,,,,,,,,,
29/04/2026,11:36:13,Sandwich pavo y queso,Datáfono,"Málaga, Adri","3,00 €",,,,,,,,,,,,,,
29/04/2026,11:41:20,Pack desayuno sandwich,Datáfono,"Málaga, Adri",,,,,,,,,,,,,,,
29/04/2026,11:41:34,Sandwich pavo y queso,Datáfono,"Málaga, Adri","1,20 €",,,,,,,,,,,,,,
29/04/2026,11:54:30,Sandwich pavo y queso,Efectivo,"Málaga, Adri","2,50 €",,,,,,,,,,,,,,
29/04/2026,13:16:09,Bocata tortilla,Datáfono,"Villasante, Kawtar","1,20 €",,,,,,,,,,,,,,
,,Bocata lomo y queso,Datáfono,"Villasante, Kawtar","1,70 €",,,,,,,,,,,,,,
29/04/2026,13:42:42,Bocata lomo y queso,Datáfono,"Villasante, Kawtar","2,50 €",,,,,,,,,,,,,,
,,Cafe con leche grande,Datáfono,"Villasante, Kawtar","3,00 €",,,,,,,,,,,,,,
29/04/2026,15:40:49,Cafe solo pequeño,Datáfono,"Villasante, Kawtar","2,50 €",,,,,,,,,,,,,,
,,Pack desayuno sandwich,Datáfono,"Villasante, Kawtar","2,50 €",,,,,,,,,,,,,,
29/04/2026,14:31:48,Sandwich pavo y queso,Datáfono,"Villasante, Kawtar","3,50 €",,,,,,,,,,,,,,
29/04/2026,15:39:02,Cafe con leche pequeño,Datáfono,"Villasante, Kawtar","3,50 €",,,,,,,,,,,,,,
29/04/2026,15:39:05,Cafe solo grande,Datáfono,"Villasante, Kawtar","3,50 €",,,,,,,,,,,,,,
29/04/2026,15:39:13,Cafe con leche grande,Datáfono,"Villasante, Kawtar","1,50 €",,,,,,,,,,,,,,
,,Bocata lomo y queso,Efectivo,"Villasante, Kawtar","1,20 €",,,,,,,,,,,,,,
30/04/2026,8:27:57,Cafe con leche pequeño,Datáfono,"Álvaro, Mery","3,00 €",,,,,,,,,,,,,,
30/04/2026,8:28:02,Cafe con leche pequeño,Datáfono,"Álvaro, Mery","2,50 €",,,,,,,,,,,,,,
30/04/2026,8:28:03,Cafe con leche pequeño,,"Álvaro, Mery","1,20 €",,,,,,,,,,,,,,
30/04/2026,8:28:05,Cafe con leche pequeño,,"Álvaro, Mery","1,50 €",,,,,,,,,,,,,,
30/04/2026,8:28:32,Sandwich pavo y queso,Datáfono,"Álvaro, Mery","1,50 €",,,,,,,,,,,,,,
30/04/2026,8:28:40,Coca Cola,Datáfono,"Álvaro, Mery","3,50 €",,,,,,,,,,,,,,
30/04/2026,10:17:12,Sandwich pavo y queso,Datáfono,"Álvaro, Mery","1,20 €",,,,,,,,,,,,,,
,,Cafe con leche pequeño,Datáfono,"Álvaro, Mery","1,20 €",,,,,,,,,,,,,,
30/04/2026,10:17:42,Agua,Datáfono,"Álvaro, Mery","1,20 €",,,,,,,,,,,,,,
,,Sandwich pavo y queso,,"Álvaro, Mery","1,20 €",,,,,,,,,,,,,,
30/04/2026,10:35:05,Sandwich pavo y queso,Datáfono,"Álvaro, Mery","2,50 €",,,,,,,,,,,,,,
,,Sandwich pavo y queso,,"Álvaro, Mery","1,20 €",,,,,,,,,,,,,,
30/04/2026,10:35:26,Croissant pavo y queso,Datáfono,"Álvaro, Mery","2,50 €",,,,,,,,,,,,,,
30/04/2026,11:30:52,Pack dulce,Datáfono,"Ángel, Villasante","1,20 €",,,,,,,,,,,,,,
30/04/2026,11:31:39,Cafe con leche pequeño,Datáfono,"Ángel, Villasante","1,00 €",,,,,,,,,,,,,,
30/04/2026,11:31:57,Te,Datáfono,"Ángel, Villasante","2,50 €",,,,,,,,,,,,,,
30/04/2026,13:19:44,Sandwich pavo y queso,Datáfono,Villasante,"2,50 €",,,,,,,,,,,,,,
,,Sandwich pavo y queso,Datáfono,Villasante,"2,50 €",,,,,,,,,,,,,,
30/04/2026,13:22:10,Cafe con leche pequeño,Datáfono,Villasante,"2,50 €",,,,,,,,,,,,,,
30/04/2026,13:35:31,Sandwich pavo y queso,Datáfono,Villasante,"3,25 €",,,,,,,,,,,,,,
,,Cafe con leche pequeño,Datáfono,"Sofía, Elías","1,20 €",,,,,,,,,,,,,,
04/05/2026,8:40:23,Sandwich pavo y queso,Datáfono,"Sofía, Elías","1,20 €",,,,,,,,,,,,,,
04/05/2026,9:19:31,Cafe con leche pequeño,Datáfono,"Sofía, Elías","2,50 €",,,,,,,,,,,,,,
04/05/2026,11:04:49,Sandwich pavo y queso,Datáfono,"Sofía, Elías","2,50 €",,,,,,,,,,,,,,
04/05/2026,11:09:56,Sandwich pavo y queso,Datáfono,"Sofía, Elías","1,20 €",,,,,,,,,,,,,,
04/05/2026,12:24:58,Cafe con leche pequeño,Datáfono,"Aitana, Claudia","2,50 €",,,,,,,,,,,,,,
04/05/2026,12:25:03,Bocata tortilla,Datáfono,"Aitana, Claudia",,,,,,,,,,,,,,,
04/05/2026,12:53:38,Pack comida tortilla,Datáfono,"Aitana, Claudia","2,50 €",,,,,,,,,,,,,,
04/05/2026,13:15:15,Sandwich pavo y queso,Datáfono,"Aitana, Claudia","1,20 €",,,,,,,,,,,,,,
04/05/2026,13:22:07,Redbull sin azucar,Datáfono,"Aitana, Claudia","2,50 €",,,,,,,,,,,,,,
04/05/2026,13:52:38,Cafe con leche pequeño,Efectivo,"Aitana, Claudia","2,50 €",,,,,,,,,,,,,,
04/05/2026,14:03:48,Cafe con leche pequeño,Datáfono,"Aitana, Claudia","1,20 €",Ha pagado uno que nos debía del otro día,,,,,,,,,,,,,
04/05/2026,15:30:07,Agua,Datáfono,"Aitana, Claudia","3,50 €",,,,,,,,,,,,,,
05/05/2026,8:39:28,Cafe con leche pequeño,Datáfono,"Piti Piti, Bakr","4,75 €",,,,,,,,,,,,,,
,,Cafe con leche pequeño,Datáfono,"Piti Piti, Bakr","2,50 €",,,,,,,,,,,,,,
05/05/2026,9:00:57,Cafe con leche pequeño,Datáfono,"Piti Piti, Bakr","1,70 €",,,,,,,,,,,,,,
05/05/2026,9:23:25,Cafe con leche pequeño,Datáfono,"Piti Piti, Bakr","1,20 €",,,,,,,,,,,,,,
05/05/2026,9:26:06,Cafe con leche pequeño,Datáfono,"Piti Piti, Bakr","1,20 €",,,,,,,,,,,,,,
,,Sandwich pavo y queso,Datáfono,"Piti Piti, Bakr","1,00 €",,,,,,,,,,,,,,
05/05/2026,10:24:20,Redbull sin azucar,Datáfono,"Piti Piti, Bakr","1,20 €",,,,,,,,,,,,,,
05/05/2026,10:34:08,Cafe con leche pequeño,Datáfono,"Piti Piti, Bakr",,,,,,,,,,,,,,,
,,Sandwich pavo y queso,Datáfono,"Piti Piti, Bakr","1,20 €",,,,,,,,,,,,,,
,,Cafe americano pequeño,Datáfono,"Piti Piti, Bakr","1,50 €",,,,,,,,,,,,,,
05/05/2026,10:49:10,Cafe con leche pequeño,Datáfono,"Piti Piti, Bakr","1,50 €",,,,,,,,,,,,,,
05/05/2026,11:51:10,Cafe con leche pequeño,Datáfono,"Mery, Álvaro","1,20 €",,,,,,,,,,,,,,
05/05/2026,11:51:03,Cafe con leche pequeño,Datáfono,"Mery, Álvaro","1,70 €",,,,,,,,,,,,,,
05/05/2026,11:51:38,Cafe con leche pequeño,Datáfono,"Mery, Álvaro","1,20 €",,,,,,,,,,,,,,
05/05/2026,11:51:35,Cafe con leche pequeño,Datáfono,"Mery, Álvaro","1,20 €",,,,,,,,,,,,,,
05/05/2026,11:51:53,Croissant pavo y queso,Efectivo,"Mery, Álvaro","2,50 €",,,,,,,,,,,,,,
05/05/2026,11:51:49,Sandwich pavo y queso,Datáfono,"Mery, Álvaro","1,20 €",,,,,,,,,,,,,,
05/05/2026,11:51:50,Sandwich pavo y queso,Datáfono,"Mery, Álvaro","1,20 €",,,,,,,,,,,,,,
05/05/2026,11:52:25,Cafe solo pequeño,Datáfono,"Mery, Álvaro","1,20 €",,,,,,,,,,,,,,
05/05/2026,14:47:55,Cafe americano pequeño,Datáfono,"Jose G, Adri","1,20 €",,,,,,,,,,,,,,
05/05/2026,14:48:48,Coca Cola,Datáfono,"Jose G, Adri","1,20 €",,,,,,,,,,,,,,
05/05/2026,14:48:56,Coca Cola Zero,Datáfono,"Jose G, Adri","2,50 €",,,,,,,,,,,,,,
05/05/2026,14:57:25,Agua,Datáfono,"Jose G, Adri",,,,,,,,,,,,,,,
,,Cafe con leche pequeño,Datáfono,"Jose G, Adri",,Lo paga Luca mañana,,,,,,,,,,,,,
05/05/2026,16:22:18,Sandwich pavo y queso,Datáfono,"Jose G, Adri","1,20 €",,,,,,,,,,,,,,
05/05/2026,16:22:22,Bocata lomo y queso,Datáfono,"Jose G, Adri","1,20 €",,,,,,,,,,,,,,
05/05/2026,16:22:26,Cafe con leche pequeño,Datáfono,"Jose G, Adri","1,20 €",,,,,,,,,,,,,,
06/05/2026,10:13:51,Cafe con leche pequeño,Datáfono,"Lastra, Luca","1,20 €",,,,,,,,,,,,,,
,,,Datáfono,"Lastra, Luca","1,00 €",bocata tomate y pavo,,,,,,,,,,,,,
,,Cafe sin lactosa pequeño,Efectivo,"Luca, Lastra",,,,,,,,,,,,,,,
,,Cafe con leche pequeño,Datáfono,"Lastra, Luca","2,50 €",,,,,,,,,,,,,,
,,Cafe con leche pequeño,Datáfono,"Lastra, Luca","3,50 €",,,,,,,,,,,,,,
06/05/2026,10:23:47,Sandwich pavo y queso,Datáfono,"Luca, Lastra","1,20 €",,,,,,,,,,,,,,
06/05/2026,12:26:45,Bocata tortilla,Datáfono,"Málaga, Elías","1,20 €",,,,,,,,,,,,,,
06/05/2026,12:34:11,Cafe americano pequeño,Datáfono,"Málaga, Elías","3,50 €",,,,,,,,,,,,,,
06/05/2026,12:42:42,Sandwich pavo y queso,Efectivo,"Málaga, Elías","2,50 €",,,,,,,,,,,,,,
06/05/2026,12:45:57,Coca Cola,Datáfono,"Málaga, Elías","1,20 €",,,,,,,,,,,,,,
,,Croissant pavo y queso,Datáfono,"Málaga, Elías",,,,,,,,,,,,,,,
06/05/2026,14:02:29,Cafe solo pequeño,Datáfono,"Málaga, Elías","1,20 €",,,,,,,,,,,,,,
06/05/2026,14:02:18,Coca Cola,Datáfono,"Málaga, Elías","1,20 €",,,,,,,,,,,,,,
,,Cafe con leche pequeño,Datáfono,"Málaga, Elías","1,20 €",,,,,,,,,,,,,,
06/05/2026,14:18:39,Cafe con leche grande,Datáfono,"Málaga, Elías","1,50 €",,,,,,,,,,,,,,
,,Cafe con leche grande,Datáfono,"Málaga, Elías","1,20 €",,,,,,,,,,,,,,
,,Cafe con leche grande,Datáfono,"Málaga, Elías",,,,,,,,,,,,,,,
06/05/2026,14:30:39,Cafe americano grande,Datáfono,"Málaga, Elías","1,50 €",,,,,,,,,,,,,,
,,Agua,Datáfono,"Málaga, Elías",,,,,,,,,,,,,,,
07/05/2026,11:06:26,Sandwich pavo y queso,Efectivo,Mery,"2,50 €",,,,,,,,,,,,,,
07/05/2026,11:50:56,Pack desayuno sandwich,Datáfono,"Piti Piti, Canario","3,00 €",,,,,,,,,,,,,,
07/05/2026,11:50:54,Redbull sin azucar,Datáfono,"Piti Piti, Canario","1,70 €",,,,,,,,,,,,,,
07/05/2026,14:51:33,Pack comida lomo,Datáfono,"Luca, Ángel","4,75 €",,,,,,,,,,,,,,
,,Bocata jamón,Datáfono,"Luca, Ángel","3,50 €",,,,,,,,,,,,,,
07/05/2026,14:52:26,Bocata lomo y queso,Datáfono,"Luca, Ángel","3,50 €",,,,,,,,,,,,,,
08/05/2026,8:46:29,Bocata lomo y queso,Datáfono,"Luca, Ángel","3,50 €",,,,,,,,,,,,,,
,,Cerveza,Datáfono,"Luca, Ángel","1,50 €",,,,,,,,,,,,,,
07/05/2026,14:53:12,Cerveza,Datáfono,"Luca, Ángel","1,50 €",,,,,,,,,,,,,,
07/05/2026,14:53:06,Cerveza,Datáfono,"Luca, Ángel","1,50 €",,,,,,,,,,,,,,
07/05/2026,14:53:10,Cerveza,Datáfono,"Luca, Ángel","1,50 €",,,,,,,,,,,,,,
07/05/2026,14:54:44,Agua,Datáfono,"Luca, Ángel","1,00 €",,,,,,,,,,,,,,
,,Agua,Datáfono,"Luca, Ángel","0,50 €",,,,,,,,,,,,,,
,,Cerveza,Datáfono,"Luca, Ángel","1,50 €",,,,,,,,,,,,,,
08/05/2026,9:09:06,Sandwich pavo y queso,Datáfono,"Piti Piti, Bakr","2,50 €",,,,,,,,,,,,,,
08/05/2026,11:18:15,Cafe con leche grande,Datáfono,"Piti Piti, Bakr","1,50 €",,,,,,,,,,,,,,
11/05/2026,9:24:32,Sandwich pavo y queso,Datáfono,"Bakr, Jose G","2,50 €",,,,,,,,,,,,,,
,,Cafe con leche grande,Efectivo,"Jose G, Bakr","1,50 €",,,,,,,,,,,,,,
,,Gofre,Datáfono,"Jose G, Elías","2,25 €",,,,,,,,,,,,,,
11/05/2026,10:03:26,Agua,Datáfono,"Jose G, Elías","1,00 €",,,,,,,,,,,,,,
,,Cafe solo pequeño,Datáfono,"Jose G, Elías","1,20 €",,,,,,,,,,,,,,
11/05/2026,10:34:28,Agua,Datáfono,"Jose G, Elías","1,00 €",,,,,,,,,,,,,,
11/05/2026,10:56:09,Cafe con leche grande,Datáfono,"Jose G, Elías","1,50 €",,,,,,,,,,,,,,
,,Cafe solo pequeño,Datáfono,"Jose G, Elías","1,20 €",,,,,,,,,,,,,,
,,Cafe con leche grande,Datáfono,"Jose G, Elías","1,50 €",,,,,,,,,,,,,,
,,Agua,Datáfono,"Jose G, Claudia","1,00 €",,,,,,,,,,,,,,
11/05/2026,12:55:49,Bocata jamón,Datáfono,"Piti Piti, Elías","3,50 €",,,,,,,,,,,,,,
,,Cafe con leche grande,Datáfono,"Piti Piti, Elías","1,50 €",,,,,,,,,,,,,,
11/05/2026,13:42:36,Sandwich pavo y queso,Datáfono,"Piti Piti, Elías","2,50 €",,,,,,,,,,,,,,
11/05/2026,13:42:36,Sandwich pavo y queso,Efectivo,"Piti Piti, Elías","2,50 €",,,,,,,,,,,,,,
11/05/2026,13:56:45,Sandwich pavo y queso,Datáfono,"Piti Piti, Elías","2,50 €",,,,,,,,,,,,,,
11/05/2026,14:02:14,Cafe con leche pequeño,Efectivo,"Piti Piti, Elías","1,50 €",,,,,,,,,,,,,,
11/05/2026,14:02:42,Cafe con leche grande,Efectivo,"Piti Piti, Elías","1,50 €",,,,,,,,,,,,,,
,,Redbull blanco,Datáfono,"Piti Piti, Elías","1,70 €",,,,,,,,,,,,,,
11/05/2026,14:31:39,Cafe solo pequeño,Datáfono,"Piti Piti, Elías","1,20 €",,,,,,,,,,,,,,
,,pan,Datáfono,"Piti Piti, Elías","0,50 €",,,,,,,,,,,,,,
,,Coca Cola Zero,Datáfono,"Piti Piti, Elías","1,20 €",,,,,,,,,,,,,,
,,Nestea,Datáfono,"Piti Piti, Elías","1,20 €",,,,,,,,,,,,,,
11/05/2026,14:36:20,Bocata lomo y queso,Datáfono,"Piti Piti, Elías","3,50 €",,,,,,,,,,,,,,
12/05/2026,8:28:50,Cafe con leche grande,Datáfono,"Málaga, Adri","1,50 €",Por pagar,,,,,,,,,,,,,
,,Cafe con leche grande,Datáfono,"Málaga, Adri","1,50 €",Por pagar,,,,,,,,,,,,,
,,Cafe con leche grande,Datáfono,"Málaga, Adri","1,50 €",,,,,,,,,,,,,,
12/05/2026,8:29:42,Sandwich pavo y queso,Datáfono,"Málaga, Adri","2,50 €",,,,,,,,,,,,,,
12/05/2026,8:29:32,Sandwich pavo y queso,Datáfono,"Málaga, Adri","2,50 €",,,,,,,,,,,,,,
,,Cafe con leche grande,Efectivo,"Málaga, Adri","1,50 €",,,,,,,,,,,,,,
12/05/2026,10:58:46,Agua,Efectivo,"Málaga, Adri","1,00 €",,,,,,,,,,,,,,
12/05/2026,9:34:06,Redbull naranja,Datáfono,"Málaga, Adri","1,70 €",Red Bull azul,,,,,,,,,,,,,
,,Sandwich pavo y queso,Datáfono,"Málaga, Adri","2,50 €",,,,,,,,,,,,,,
,,Cafe con leche grande,Datáfono,"Málaga, Adri","1,50 €",,,,,,,,,,,,,,
12/05/2026,10:22:33,Cafe con leche grande,Datáfono,"Málaga, Adri","1,50 €",,,,,,,,,,,,,,
,,Sandwich pavo y queso,Datáfono,"Málaga, Adri","2,25 €",,,,,,,,,,,,,,
,,Cafe con leche grande,Datáfono,"Málaga, Adri","1,50 €",,,,,,,,,,,,,,
12/05/2026,10:40:05,Sandwich pavo y queso,Datáfono,"Málaga, Adri","2,50 €",,,,,,,,,,,,,,
,,Cafe solo pequeño,Datáfono,"Málaga, Adri","1,00 €",,,,,,,,,,,,,,
12/05/2026,10:52:55,Cafe americano grande,Datáfono,"Málaga, Adri","1,50 €",,,,,,,,,,,,,,
,,Cafe con leche grande,Datáfono,"Málaga, Adri","1,50 €",,,,,,,,,,,,,,
,,Cafe con leche grande,Datáfono,"Málaga, Adri","1,50 €",,,,,,,,,,,,,,
12/05/2026,10:54:24,Cafe con leche grande,Datáfono,"Málaga, Adri","1,50 €",,,,,,,,,,,,,,
,,Cafe solo pequeño,Datáfono,"Mery, Álvaro","1,20 €",,,,,,,,,,,,,,
,,Cafe con leche grande,Datáfono,"Mery, Álvaro","1,50 €",,,,,,,,,,,,,,
12/05/2026,11:11:35,Cafe con leche grande,Datáfono,"Mery, Álvaro","1,50 €",,,,,,,,,,,,,,
,,Cafe solo pequeño,Datáfono,"Mery, Álvaro","1,20 €",,,,,,,,,,,,,,
,,Agua,Datáfono,"Mery, Álvaro","1,00 €",,,,,,,,,,,,,,
,,Redbull blanco,Datáfono,"Mery, Álvaro","1,70 €",,,,,,,,,,,,,,
12/05/2026,11:12:32,Cafe solo pequeño,,"Mery, Álvaro","1,20 €",,,,,,,,,,,,,,
,,Fanta de naranja,Efectivo,"Mery, Álvaro","1,20 €",,,,,,,,,,,,,,
12/05/2026,11:38:45,Cafe con leche grande,Datáfono,"Mery, Álvaro","1,50 €",,,,,,,,,,,,,,
,,Sandwich pavo y queso,Datáfono,"Mery, Álvaro","2,50 €",,,,,,,,,,,,,,
12/05/2026,12:23:04,Sandwich pavo y queso,Datáfono,"Mery, Álvaro","2,50 €",,,,,,,,,,,,,,
,,Croissant pavo y queso,Datáfono,"Mery, Álvaro","2,50 €",,,,,,,,,,,,,,
12/05/2026,12:41:16,Bocata lomo y queso,Efectivo,"Mery, Álvaro","4,00 €",,,,,,,,,,,,,,
,,Bocata lomo y queso,Datáfono,"Mery, Álvaro","4,00 €",,,,,,,,,,,,,,
12/05/2026,13:49:32,Sandwich pavo y queso,Datáfono,"Mery, Álvaro","2,50 €",,,,,,,,,,,,,,
12/05/2026,14:26:12,Cafe con leche grande,Datáfono,"Luca, Ángel","1,50 €",,,,,,,,,,,,,,
13/05/2026,8:58:44,Agua,Datáfono,"Kawtar, Canario","0,50 €",,,,,,,,,,,,,,
,,Cafe con leche grande,Datáfono,"Kawtar, Canario","1,50 €",,,,,,,,,,,,,,
,,Sandwich pavo y queso,Datáfono,"Kawtar, Canario","2,50 €",,,,,,,,,,,,,,
,,Agua,Datáfono,"Kawtar, Canario","0,50 €",,,,,,,,,,,,,,
,,Cafe con leche grande,Datáfono,"Kawtar, Canario","1,50 €",,,,,,,,,,,,,,
13/05/2026,9:40:58,Cafe con leche grande,Datáfono,"Kawtar, Canario","1,50 €",,,,,,,,,,,,,,
,,Cafe con leche grande,Datáfono,"Kawtar, Canario","1,50 €",,,,,,,,,,,,,,
,,Cafe sin lactosa grande,Datáfono,"Kawtar, Canario","1,50 €",,,,,,,,,,,,,,
13/05/2026,10:05:07,Sandwich pavo y queso,Datáfono,"Kawtar, Canario","2,50 €",,,,,,,,,,,,,,
13/05/2026,10:05:14,Cafe con leche grande,Datáfono,"Kawtar, Canario","1,50 €",,,,,,,,,,,,,,
13/05/2026,10:05:24,Cafe con leche grande,Datáfono,"Kawtar, Canario","1,50 €",,,,,,,,,,,,,,
,,Agua,Datáfono,"Kawtar, Canario","1,00 €",,,,,,,,,,,,,,
,,Cafe con leche grande,Datáfono,"Kawtar, Aitana","1,50 €",,,,,,,,,,,,,,
13/05/2026,10:16:27,Cafe con leche grande,Efectivo,"Kawtar, Aitana","1,50 €",,,,,,,,,,,,,,
,,Cafe solo pequeño,Datáfono,"Kawtar, Canario","1,20 €",,,,,,,,,,,,,,
,,Croissant pavo y queso,Datáfono,"Kawtar, Canario","2,50 €",,,,,,,,,,,,,,
,,Sandwich pavo y queso,Datáfono,"Kawtar, Canario","2,50 €",,,,,,,,,,,,,,
,,Agua,Efectivo,Adri,"1,00 €",,,,,,,,,,,,,,
13/05/2026,12:36:29,Redbull naranja,Datáfono,Adri,"1,70 €",;Azul,,,,,,,,,,,,,
,,Bocata lomo y queso,Datáfono,Adri,"4,00 €",,,,,,,,,,,,,,
13/05/2026,13:13:04,Redbull blanco,Efectivo,Adri,"1,70 €",,,,,,,,,,,,,,
,,Cafe solo pequeño,Datáfono,Adri,"1,00 €",,,,,,,,,,,,,,
,,Cafe con leche grande,Datáfono,Adri,"1,50 €",,,,,,,,,,,,,,
13/05/2026,14:10:42,Cafe con leche grande,Datáfono,"Sofía, Adri","1,50 €",,,,,,,,,,,,,,
,,Cafe con leche grande,Datáfono,"Sofía, Adri","1,50 €",,,,,,,,,,,,,,
,,Sandwich pavo y queso,Datáfono,"Sofía, Adri","2,50 €",,,,,,,,,,,,,,
,,,Datáfono,"Sofía, Adri","0,70 €",media barra de pan,,,,,,,,,,,,,
,,Sandwich pavo y queso,Datáfono,"Mery, Álvaro","2,50 €",,,,,,,,,,,,,,
14/05/2026,8:45:49,Coca Cola,Datáfono,"Mery, Álvaro","1,20 €",,,,,,,,,,,,,,
14/05/2026,9:30:39,Cafe solo pequeño,Datáfono,"Mery, Álvaro","1,20 €",,,,,,,,,,,,,,
14/05/2026,10:10:43,Cafe con leche grande,Datáfono,"Mery, Álvaro","1,50 €",,,,,,,,,,,,,,
14/05/2026,10:29:58,Bocata lomo y queso,Datáfono,"Mery, Álvaro","3,50 €",,,,,,,,,,,,,,
14/05/2026,10:30:09,Coca Cola Zero,Datáfono,"Álvaro, Mery","1,20 €",,,,,,,,,,,,,,
,,Cafe solo pequeño,Datáfono,"Álvaro, Mery","1,20 €",,,,,,,,,,,,,,
14/05/2026,10:51:12,Cafe solo pequeño,Datáfono,"Mery, Álvaro","1,20 €",,,,,,,,,,,,,,
,,Cafe solo pequeño,Datáfono,"Mery, Álvaro","1,20 €",,,,,,,,,,,,,,
14/05/2026,11:13:31,Cafe con leche pequeño,Datáfono,"Mery, Álvaro","1,20 €",,,,,,,,,,,,,,
14/05/2026,11:13:49,Cafe con leche pequeño,Datáfono,"Mery, Álvaro","1,20 €",,,,,,,,,,,,,,
14/05/2026,11:13:21,Cafe con leche pequeño,Datáfono,"Mery, Álvaro","1,20 €",,,,,,,,,,,,,,
14/05/2026,11:13:20,Cafe con leche pequeño,Datáfono,"Mery, Álvaro","1,20 €",,,,,,,,,,,,,,
,,Cafe con leche grande,Datáfono,"Mery, Álvaro","1,20 €",,,,,,,,,,,,,,
14/05/2026,11:13:30,Cafe con leche grande,Datáfono,"Mery, Álvaro","1,50 €",,,,,,,,,,,,,,
14/05/2026,11:13:51,Cafe con leche grande,Datáfono,"Mery, Álvaro","1,50 €",,,,,,,,,,,,,,
14/05/2026,11:13:50,Cafe con leche grande,Datáfono,"Mery, Álvaro","1,50 €",,,,,,,,,,,,,,
,,Cafe con leche pequeño,Datáfono,"Mery, Álvaro","1,20 €",,,,,,,,,,,,,,
,,Manzanilla,Datáfono,"Mery, Álvaro","1,20 €",,,,,,,,,,,,,,
,,Sandwich pavo y queso,Datáfono,"Elías, Sofía","2,50 €",,,,,,,,,,,,,,
,,Cafe con leche pequeño,Datáfono,"Elías, Sofía","1,20 €",,,,,,,,,,,,,,
14/05/2026,11:49:55,Cafe con leche grande,Datáfono,"Elías, Sofía","1,50 €",,,,,,,,,,,,,,
14/05/2026,11:56:11,Sandwich pavo y queso,Datáfono,"Elías, Sofía","2,50 €",,,,,,,,,,,,,,
14/05/2026,12:18:40,Cafe con leche grande,Datáfono,"Elías, Sofía","1,50 €",,,,,,,,,,,,,,
,,Cafe con leche grande,Datáfono,"Aitana, Claudia","1,50 €",,,,,,,,,,,,,,
14/05/2026,15:27:11,Cafe con leche grande,Datáfono,"Aitana, Claudia","1,50 €",,,,,,,,,,,,,,
18/05/2026,8:29:34,Cafe con leche pequeño,Datáfono,"Bakr, Piti Piti","1,20 €",,,,,,,,,,,,,,
18/05/2026,8:29:08,Sandwich pavo y queso,Datáfono,"Bakr, Piti Piti","2,50 €",Kawtar tiene que pagarlo,,,,,,,,,,,,,
18/05/2026,8:29:14,Sandwich pavo y queso,Datáfono,"Bakr, Piti Piti","2,50 €",,,,,,,,,,,,,,
18/05/2026,8:59:14,Cafe con leche grande,Datáfono,"Bakr, Piti Piti","1,50 €",,,,,,,,,,,,,,
18/05/2026,,Cafe con leche grande,Efectivo,"Bakr, Piti Piti","1,50 €",,,,,,,,,,,,,,
18/05/2026,,Cafe con leche grande,Datáfono,"Bakr, Piti Piti","1,50 €",,,,,,,,,,,,,,
18/05/2026,10:02:07,Sandwich pavo y queso,Datáfono,"Bakr, Piti Piti","2,50 €",,,,,,,,,,,,,,
18/05/2026,,Cafe con leche grande,Datáfono,"Bakr, Piti Piti","1,50 €",,,,,,,,,,,,,,
18/05/2026,,Cafe con leche grande,Datáfono,"Bakr, Piti Piti","1,50 €",,,,,,,,,,,,,,
18/05/2026,,Cafe con leche grande,Datáfono,"Bakr, Piti Piti","1,50 €",,,,,,,,,,,,,,
18/05/2026,,Sandwich pavo y queso,Datáfono,Villasante,"3,00 €",,,,,,,,,,,,,,
18/05/2026,,Sandwich pavo y queso,Datáfono,"Sofía, Abrey","2,50 €",,,,,,,,,,,,,,
18/05/2026,,Bocata lomo y queso,Datáfono,"Sofía, Abrey","3,50 €",,,,,,,,,,,,,,
,,Bocata tortilla,Datáfono,"Sofía, Abrey","3,50 €",,,,,,,,,,,,,,
18/05/2026,13:53:35,Bocata lomo y queso,Datáfono,"Sofía, Abrey","3,50 €",,,,,,,,,,,,,,
,,Cafe con leche grande,Datáfono,"Sofía, Abrey","1,50 €",,,,,,,,,,,,,,
,,Cafe con leche grande,Datáfono,"Sofía, Abrey","1,50 €",,,,,,,,,,,,,,
18/05/2026,13:53:41,Cafe con leche grande,Efectivo,"Sofía, Abrey","1,50 €",,,,,,,,,,,,,,
,,Cerveza,Datáfono,"Sofía, Abrey","1,50 €",,,,,,,,,,,,,,
,,Cerveza,Datáfono,"Sofía, Abrey","1,50 €",,,,,,,,,,,,,,
18/05/2026,13:54:14,Sandwich pavo y queso,Datáfono,"Sofía, Abrey","2,50 €",,,,,,,,,,,,,,
,,Bocata lomo y queso,Datáfono,"Sofía, Abrey","3,50 €",,,,,,,,,,,,,,
,,Cafe con leche grande,Datáfono,"Sofía, Abrey","1,50 €",,,,,,,,,,,,,,
,,Cafe con leche grande,Datáfono,"Sofía, Abrey","1,50 €",,,,,,,,,,,,,,
19/05/2026,8:33:36,Sandwich pavo y queso,Datáfono,"Adri, Bakr","2,50 €",,,,,,,,,,,,,,
19/05/2026,9:21:29,Cafe con leche grande,Datáfono,Ángel,"1,50 €",,,,,,,,,,,,,,
19/05/2026,9:21:59,Pack desayuno tostada,Datáfono,Ángel,"2,70 €",,,,,,,,,,,,,,
19/05/2026,9:22:43,Cafe con leche pequeño,Datáfono,Ángel,"1,20 €",,,,,,,,,,,,,,
19/05/2026,9:23:06,Cafe con leche pequeño,Datáfono,Ángel,"1,20 €",,,,,,,,,,,,,,
,,Cafe con leche pequeño,Datáfono,Ángel,,,,,,,,,,,,,,,
19/05/2026,9:24:08,Cafe con leche grande,Datáfono,Ángel,"1,50 €",,,,,,,,,,,,,,
,,Cafe con leche grande,Datáfono,Ángel,,,,,,,,,,,,,,,
19/05/2026,10:39:46,Cafe con leche grande,Datáfono,Ángel,"1,50 €",,,,,,,,,,,,,,
,,Croissant a la plancha,Datáfono,Ángel,,,,,,,,,,,,,,,
19/05/2026,10:57:19,Sandwich pavo y queso,Datáfono,"Ángel, Lastra","2,50 €",,,,,,,,,,,,,,
19/05/2026,10:57:26,Sandwich pavo y queso,Datáfono,"Ángel, Lastra","2,50 €",,,,,,,,,,,,,,
,,Cafe con leche grande,Datáfono,"Ángel, Lastra",,,,,,,,,,,,,,,
,,Cafe sin lactosa grande,Datáfono,"Ángel, Lastra",,,,,,,,,,,,,,,
,,Sandwich pavo y queso,Datáfono,Mery,,,,,,,,,,,,,,,
,,Cafe solo pequeño,Datáfono,Mery,,,,,,,,,,,,,,,
19/05/2026,12:27:26,Cafe con leche grande,Datáfono,Mery,"1,50 €",,,,,,,,,,,,,,
,,Cafe con leche pequeño,Efectivo,Mery,,,,,,,,,,,,,,,
19/05/2026,12:27:54,Bocata jamón,Datáfono,Mery,"3,50 €",Se lo hice de pavo y queso ,,,,,,,,,,,,,
19/05/2026,13:27:34,Sandwich pavo y queso,Datáfono,Mery,"2,50 €",,,,,,,,,,,,,,
,,Cafe con leche grande,Datáfono,Mery,,,,,,,,,,,,,,,
,,Coca Cola Zero,Datáfono,Mery,,,,,,,,,,,,,,,
,,Cafe con leche grande,Datáfono,Mery,,,,,,,,,,,,,,,
19/05/2026,15:09:12,pan,Datáfono,"Málaga, Adri","1,00 €",Angel ha comprado pan,,,,,,,,,,,,,
,,Bocata tortilla,Datáfono,"Málaga, Adri",,,,,,,,,,,,,,,
19/05/2026,15:29:01,Cafe con leche grande,Datáfono,"Málaga, Adri","1,50 €",,,,,,,,,,,,,,
20/05/2026,8:26:08,Cafe con leche grande,Datáfono,Vittorio,"1,50 €",,,,,,,,,,,,,,
,,Cafe con leche grande,Datáfono,Vittorio,"1,50 €",,,,,,,,,,,,,,
,,Cafe con leche grande,Datáfono,Vittorio,"1,50 €",,,,,,,,,,,,,,
,,Cafe con leche grande,Datáfono,Vittorio,"1,50 €",,,,,,,,,,,,,,
,,Redbull blanco,Efectivo,Vittorio,"1,70 €",,,,,,,,,,,,,,
20/05/2026,9:31:47,Agua,Datáfono,Vittorio,"0,50 €",,,,,,,,,,,,,,
20/05/2026,9:44:02,Sandwich pavo y queso,Datáfono,Vittorio,"2,50 €",,,,,,,,,,,,,,
20/05/2026,9:44:15,Cafe con leche grande,Datáfono,Vittorio,"1,50 €",falta cobrar,,,,,,,,,,,,,
,,Cafe con leche grande,Datáfono,Vittorio,"1,50 €",falta cobrar,,,,,,,,,,,,,
,,Sandwich pavo y queso,Efectivo,Vittorio,"2,50 €",,,,,,,,,,,,,,
,,Cafe con leche grande,Datáfono,Vittorio,"1,50 €",,,,,,,,,,,,,,
20/05/2026,9:57:40,Aquarius de limon,Datáfono,"Vittorio, Málaga","1,20 €",,,,,,,,,,,,,,
,,,,,,,,,,,,,,,,,,,
,,,,,,,,,,,,,,,,,,,
,,,,,,,,,,,,,,,,,,,
,,,,,,,,,,,,,,,,,,,
20/05/2026,10:51:05,Cafe con leche grande,Datáfono,"Vittorio, Málaga","1,50 €",,,,,,,,,,,,,,
,,Sandwich pavo y queso,Datáfono,"Vittorio, Málaga","2,50 €",,,,,,,,,,,,,,
,,Sandwich pavo y queso,Datáfono,"Vittorio, Málaga","2,50 €",,,,,,,,,,,,,,
,,Sandwich pavo y queso,Datáfono,"Vittorio, Málaga","2,50 €",,,,,,,,,,,,,,
,,Pack desayuno sandwich,Datáfono,"Vittorio, Málaga","2,70 €",,,,,,,,,,,,,,
20/05/2026,11:01:29,Cafe con leche pequeño,Datáfono,"Vittorio, Málaga","1,20 €",,,,,,,,,,,,,,
,,Cafe con leche pequeño,Datáfono,"Vittorio, Málaga","1,50 €",,,,,,,,,,,,,,
,,Cafe con leche pequeño,Datáfono,"Vittorio, Málaga","1,50 €",,,,,,,,,,,,,,
,,Cafe solo pequeño,Datáfono,"Vittorio, Málaga","1,50 €",,,,,,,,,,,,,,
20/05/2026,11:10:17,Bocata lomo y queso,Datáfono,"Vittorio, Málaga","3,50 €",,,,,,,,,,,,,,
,,pizza,Datáfono,"Vittorio, Málaga","3,00 €",,,,,,,,,,,,,,
,,Pack desayuno sandwich,Datáfono,"Vittorio, Málaga","2,70 €",,,,,,,,,,,,,,
,,Cafe con leche grande,Datáfono,"Canario, Kawtar","1,50 €",,,,,,,,,,,,,,
,,Pack TLS,Efectivo,"Canario, Kawtar","2,25 €",,,,,,,,,,,,,,
,,Redbull blanco,Efectivo,"Mery, Álvaro","1,70 €",,,,,,,,,,,,,,
,,Cafe con leche grande,Datáfono,"Mery, Álvaro","1,50 €",,,,,,,,,,,,,,
,,Cafe con leche grande,Datáfono,"Mery, Álvaro","1,50 €",,,,,,,,,,,,,,
21/05/2026,10:23:27,Cafe solo grande,Datáfono,"Mery, Álvaro","1,50 €",,,,,,,,,,,,,,
,,Sandwich pavo y queso,Datáfono,"Mery, Álvaro","2,50 €",,,,,,,,,,,,,,
,,pack bakr,Datáfono,"Álvaro, Mery","3,00 €",,,,,,,,,,,,,,
21/05/2026,10:24:41,Pincho tortilla,Datáfono,"Álvaro, Mery","1,50 €",,,,,,,,,,,,,,
,,Sandwich pavo y queso,Datáfono,"Mery, Álvaro","2,50 €",,,,,,,,,,,,,,
21/05/2026,10:26:22,Coca Cola,Datáfono,"Mery, Álvaro","1,20 €",,,,,,,,,,,,,,
21/05/2026,10:26:19,Agua,Datáfono,"Mery, Álvaro","0,50 €",,,,,,,,,,,,,,
21/05/2026,11:04:13,Cafe con leche grande,Datáfono,Mery,"1,50 €",,,,,,,,,,,,,,
21/05/2026,11:04:09,Cafe con leche pequeño,Datáfono,Mery,"1,20 €",,,,,,,,,,,,,,
21/05/2026,11:04:23,Cafe solo pequeño,Datáfono,Mery,"1,20 €",,,,,,,,,,,,,,
21/05/2026,11:06:50,Redbull sin azucar,Datáfono,Mery,"1,70 €",,,,,,,,,,,,,,
21/05/2026,11:14:18,Cafe con leche pequeño,Datáfono,Mery,"1,20 €",,,,,,,,,,,,,,
,,Agua,Datáfono,Mery,"1,00 €",,,,,,,,,,,,,,
21/05/2026,11:17:10,Agua,Datáfono,Mery,"1,00 €",,,,,,,,,,,,,,
21/05/2026,,Coca Cola Zero,Datáfono,"Aitana, Claudia","1,20 €",,,,,,,,,,,,,,
21/05/2026,11:25:43,Cafe con leche grande,Datáfono,"Aitana, Claudia","1,50 €",,,,,,,,,,,,,,
21/05/2026,12:22:15,Agua,Efectivo,"Aitana, Claudia","1,00 €",,,,,,,,,,,,,,
,,Bocata lomo y queso,Datáfono,"Aitana, Claudia","3,50 €",,,,,,,,,,,,,,
21/05/2026,12:47:04,Cafe con leche grande,Datáfono,"Aitana, Claudia","1,50 €",,,,,,,,,,,,,,
21/05/2026,12:47:06,Cafe con leche grande,Datáfono,"Aitana, Claudia","1,50 €",,,,,,,,,,,,,,
,,Croissant pavo y queso,Datáfono,"Aitana, Claudia","2,50 €",,,,,,,,,,,,,,
,,Croissant a la plancha,Datáfono,"Aitana, Claudia","1,50 €",,,,,,,,,,,,,,
,,Cafe con leche grande,Datáfono,"Villasante, Lastra","1,50 €",,,,,,,,,,,,,,
,,Cafe con leche grande,Datáfono,"Villasante, Lastra","1,50 €",,,,,,,,,,,,,,
,,Cafe con leche grande,Datáfono,"Villasante, Lastra","1,50 €",,,,,,,,,,,,,,
22/05/2026,8:28:19,Cafe con leche pequeño,Datáfono,"Villasante, Lastra","1,20 €",,,,,,,,,,,,,,
,,Cafe con leche grande,Datáfono,"Villasante, Lastra","1,50 €",,,,,,,,,,,,,,
,,Agua,Datáfono,"Villasante, Lastra","1,00 €",,,,,,,,,,,,,,
,,Cafe con leche pequeño,Datáfono,"Villasante, Lastra","1,20 €",,,,,,,,,,,,,,
,,Cafe con leche pequeño,Datáfono,"Lastra, Villasante","1,20 €",,,,,,,,,,,,,,
,,Cafe con leche grande,Datáfono,"Lastra, Villasante","1,50 €",,,,,,,,,,,,,,
,,Pack desayuno sandwich,Datáfono,"Lastra, Villasante","3,00 €",,,,,,,,,,,,,,
22/05/2026,10:51:45,Cafe sin lactosa grande,Datáfono,"Lastra, Villasante","1,20 €",,,,,,,,,,,,,,
,,Cafe con leche grande,Datáfono,"Villasante, Lastra","1,50 €",,,,,,,,,,,,,,
,,Cafe con leche pequeño,Datáfono,"Kawtar, Adri",,,,,,,,,,,,,,,
26/05/2026,8:31:53,Cafe con leche grande,Datáfono,"Vittorio, Ángel","1,50 €",,,,,,,,,,,,,,
,,Cafe con leche pequeño,Datáfono,"Vittorio, Ángel","1,20 €",,,,,,,,,,,,,,
,,Cafe con leche grande,Datáfono,"Vittorio, Ángel","1,50 €",,,,,,,,,,,,,,
26/05/2026,8:59:10,Cafe con leche grande,Datáfono,"Vittorio, Ángel","1,50 €",,,,,,,,,,,,,,
,,Cafe con leche grande,Datáfono,"Vittorio, Ángel","1,50 €",,,,,,,,,,,,,,
26/05/2026,9:36:58,Cafe con leche grande,Datáfono,"Vittorio, Ángel","1,50 €",,,,,,,,,,,,,,
,,Redbull sin azucar,Datáfono,"Vittorio, Ángel","1,70 €",,,,,,,,,,,,,,
,,Redbull blanco,Datáfono,"Vittorio, Ángel","1,70 €",,,,,,,,,,,,,,
26/05/2026,10:00:35,Cafe con leche grande,Datáfono,"Vittorio, Ángel","1,50 €",,,,,,,,,,,,,,
26/05/2026,10:23:57,Cafe con leche grande,Datáfono,"Vittorio, Ángel","1,50 €",,,,,,,,,,,,,,
,,Cafe con leche grande,Datáfono,"Vittorio, Ángel","1,50 €",,,,,,,,,,,,,,
,,Cafe con leche grande,Efectivo,"Vittorio, Ángel","1,50 €",,,,,,,,,,,,,,
26/05/2026,11:12:04,Sandwich pavo y queso,Datáfono,Mery,"2,50 €",,,,,,,,,,,,,,
,,Cafe sin lactosa pequeño,Datáfono,Mery,"1,20 €",,,,,,,,,,,,,,
,,Agua,Datáfono,Mery,"0,50 €",,,,,,,,,,,,,,
,,Cafe con leche grande,Datáfono,Mery,"1,50 €",,,,,,,,,,,,,,
26/05/2026,11:38:07,Cafe con leche grande,Datáfono,Mery,"1,50 €",,,,,,,,,,,,,,
26/05/2026,11:41:42,Croissant pavo y queso,Datáfono,Mery,"2,50 €",,,,,,,,,,,,,,
,,pack leinn,Datáfono,Mery,"4,00 €",,,,,,,,,,,,,,
26/05/2026,12:07:20,Redbull naranja,Datáfono,Mery,"1,70 €",,,,,,,,,,,,,,
,,Fanta de naranja,Datáfono,Mery,"1,20 €",,,,,,,,,,,,,,
,,Cafe americano pequeño,Datáfono,Mery,"1,20 €",,,,,,,,,,,,,,
26/05/2026,13:21:02,Coca Cola Zero,Datáfono,Mery,"1,20 €",,,,,,,,,,,,,,
,,Bocata lomo y queso,Datáfono,Mery,"4,00 €",,,,,,,,,,,,,,
,,pack LEINN ,Datáfono,Mery,"4,00 €",,,,,,,,,,,,,,
,,Cafe con leche grande,Datáfono,Mery,"1,50 €",,,,,,,,,,,,,,
,,Aquarius de limon,Datáfono,Sofía,"1,20 €",,,,,,,,,,,,,,
,,Pack dulce,Datáfono,,,,,,,,,,,,,,,,
,,Cafe con leche grande,Efectivo,,,,,,,,,,,,,,,,
,,Croissant pavo y queso,Datáfono,,,,,,,,,,,,,,,,
,,Croissant pavo y queso,Efectivo,,,,,,,,,,,,,,,,
,,Coca Cola,Datáfono,,,,,,,,,,,,,,,,
27/05/2026,11:59:09,Cerveza,Datáfono,,"1,50 €",,,,,,,,,,,,,,
,,pizza,Datáfono,,"3,00 €",,,,,,,,,,,,,,
,,pizza,Datáfono,,"3,00 €",,,,,,,,,,,,,,
27/05/2026,12:42:44,Bocata tortilla,Datáfono,,"3,50 €",,,,,,,,,,,,,,
,,Cafe con leche grande,,,"1,50 €",,,,,,,,,,,,,,
27/05/2026,13:51:35,Cafe con leche pequeño,Efectivo,,"1,30 €",,,,,,,,,,,,,,
27/05/2026,15:04:42,Pack comida lomo,,,"4,75 €",,,,,,,,,,,,,,
27/05/2026,15:04:57,Cafe con leche grande,,,"1,50 €",,,,,,,,,,,,,,
,,Bocata jamón,,,"3,50 €",,,,,,,,,,,,,,
,,Coca Cola Zero,,,"1,20 €",,,,,,,,,,,,,,
27/05/2026,15:25:01,Aquarius de limon,,,"1,20 €",,,,,,,,,,,,,,
27/05/2026,15:25:10,Cafe con leche grande,,,"1,50 €",,,,,,,,,,,,,,
27/05/2026,15:57:40,Cafe con leche grande,,,"1,50 €",,,,,,,,,,,,,,
27/05/2026,15:58:55,Cafe con leche grande,Efectivo,,"2,00 €",,,,,,,,,,,,,,
28/05/2026,8:00:15,Cafe con leche grande,Datáfono,Mery,"1,50 €",,,,,,,,,,,,,,
,,Cafe con leche grande,Datáfono,Mery,"1,50 €",,,,,,,,,,,,,,
,,Cafe con leche grande,Datáfono,Mery,,,,,,,,,,,,,,,
,,Cafe con leche pequeño,Datáfono,Mery,,,,,,,,,,,,,,,
28/05/2026,8:51:04,Cafe con leche grande,Datáfono,Mery,"1,50 €",,,,,,,,,,,,,,
,,Cafe con leche pequeño,Datáfono,Mery,,,,,,,,,,,,,,,
,,Coca Cola,Datáfono,"Mery, Álvaro",,,,,,,,,,,,,,,
28/05/2026,9:22:54,Pack desayuno tostada,Datáfono,Mery,"2,70 €",,,,,,,,,,,,,,
28/05/2026,9:23:01,Pack desayuno sandwich,Datáfono,Mery,"3,00 €",,,,,,,,,,,,,,
28/05/2026,9:28:25,Cafe sin lactosa grande,Datáfono,Mery,"1,50 €",,,,,,,,,,,,,,
28/05/2026,9:28:33,Cafe sin lactosa grande,Datáfono,Mery,"1,50 €",,,,,,,,,,,,,,
,,Redbull naranja,Datáfono,Mery,"1,70 €",azul,,,,,,,,,,,,,
,,Cafe con leche pequeño,Datáfono,Mery,"1,20 €",,,,,,,,,,,,,,
28/05/2026,9:53:48,ColaCao,Datáfono,Mery,"1,50 €",,,,,,,,,,,,,,
,,Cafe con leche grande,Datáfono,Mery,"1,50 €",,,,,,,,,,,,,,
28/05/2026,10:32:35,Sandwich pavo y queso,Datáfono,Mery,"2,50 €",,,,,,,,,,,,,,
,,Cafe con leche grande,Datáfono,Mery,,,,,,,,,,,,,,,
,,Cafe con leche grande,Datáfono,Mery,,,,,,,,,,,,,,,
28/05/2026,11:44:36,Redbull sin azucar,Datáfono,"Villasante, Málaga","1,70 €",,,,,,,,,,,,,,
,,Coca Cola Zero,Datáfono,"Villasante, Málaga",,,,,,,,,,,,,,,
,,Fanta de naranja,Datáfono,"Villasante, Málaga",,,,,,,,,,,,,,,
,,Bocata lomo y queso,Datáfono,"Villasante, Málaga","3,50 €",,,,,,,,,,,,,,
28/05/2026,13:21:09,Cafe con leche grande,Datáfono,"Villasante, Málaga","1,50 €",,,,,,,,,,,,,,
28/05/2026,13:22:22,Palitos de queso,Datáfono,"Villasante, Málaga","2,50 €",,,,,,,,,,,,,,
28/05/2026,13:59:23,Sandwich pavo y queso,Datáfono,"Piti Piti, Villasante","2,50 €",,,,,,,,,,,,,,
,,Cafe con leche grande,Datáfono,"Piti Piti, Villasante","1,50 €",,,,,,,,,,,,,,
,,Agua,Datáfono,"Villasante, Piti Piti","0,50 €",,,,,,,,,,,,,,
,,"bocadillo pavo, tomate ",Datáfono,"Piti Piti, Villasante","3,50 €",,,,,,,,,,,,,,
,,Sandwich pavo y queso,Datáfono,"Piti Piti, Villasante","2,50 €",,,,,,,,,,,,,,
,,Cafe con leche grande,Datáfono,"Piti Piti, Villasante","1,50 €",,,,,,,,,,,,,,
28/05/2026,14:50:55,Pack dulce,Datáfono,"Villasante, Piti Piti","3,25 €",,,,,,,,,,,,,,
28/05/2026,15:51:51,Coca Cola Zero,Datáfono,"Villasante, Piti Piti","1,20 €",,,,,,,,,,,,,,
,,Cafe con leche pequeño,Efectivo,"Canario, Villasante","1,20 €",,,,,,,,,,,,,,
01/06/2026,11:38:53,Sandwich pavo y queso,Datáfono,"Aitana, Claudia","2,50 €",,,,,,,,,,,,,,
01/06/2026,13:47:39,Pack comida lomo,Datáfono,"Aitana, Claudia","4,75 €",,,,,,,,,,,,,,
01/06/2026,13:47:11,Pack desayuno sandwich,Datáfono,"Aitana, Claudia","3,00 €",croissant,,,,,,,,,,,,,
01/06/2026,14:47:11,Pincho tortilla,Datáfono,"Aitana, Claudia","1,50 €",,,,,,,,,,,,,,
01/06/2026,15:47:11,Cafe solo pequeño,,,"1,00 €",,,,,,,,,,,,,,
01/06/2026,15:47:11,Cafe solo pequeño,,,"1,00 €",,,,,,,,,,,,,,
01/06/2026,15:57:00,Bocata jamón,,,"3,50 €",pavo y queso,,,,,,,,,,,,,
,,Cafe con leche pequeño,Datáfono,Vittorio,"1,20 €",,,,,,,,,,,,,,
,,Cafe con leche grande,,Vittorio,"1,50 €",,,,,,,,,,,,,,
,,Cafe con leche grande,Datáfono,Vittorio,"1,50 €",,,,,,,,,,,,,,
,,Pack desayuno sandwich,Datáfono,"Vittorio, Elías","3,00 €",,,,,,,,,,,,,,
,,Cafe solo grande,Datáfono,"Vittorio, Elías","1,20 €",,,,,,,,,,,,,,
02/06/2026,9:06:51,Agua,Datáfono,"Vittorio, Elías","0,50 €",,,,,,,,,,,,,,
02/06/2026,9:06:50,Agua,Datáfono,"Vittorio, Elías","0,50 €",,,,,,,,,,,,,,
,,Cafe con leche grande,Datáfono,"Vittorio, Elías","1,50 €",,,,,,,,,,,,,,
,,Cafe con leche grande,Datáfono,"Vittorio, Elías","1,50 €",,,,,,,,,,,,,,
,,Cafe con leche grande,Datáfono,"Vittorio, Elías","1,50 €",,,,,,,,,,,,,,
,,Sandwich pavo y queso,Efectivo,"Vittorio, Elías","3,00 €",,,,,,,,,,,,,,
,,Sandwich pavo y queso,Datáfono,"Vittorio, Elías","2,50 €",,,,,,,,,,,,,,
,,Cafe con leche grande,Datáfono,"Vittorio, Elías","1,50 €",,,,,,,,,,,,,,
02/06/2026,10:40:49,Cafe con leche grande,Datáfono,"Vittorio, Elías","1,50 €",,,,,,,,,,,,,,
,,Cafe con leche grande,Datáfono,"Vittorio, Elías","1,50 €",,,,,,,,,,,,,,
,,Sandwich pavo y queso,Datáfono,"Vittorio, Elías","2,50 €",,,,,,,,,,,,,,
02/06/2026,10:40:43,Sandwich pavo y queso,Datáfono,"Vittorio, Elías","2,50 €",,,,,,,,,,,,,,
,,Pack desayuno sandwich,Datáfono,Lastra,,,,,,,,,,,,,,,
02/06/2026,11:48:44,Cafe sin lactosa pequeño,Datáfono,Lastra,"1,20 €",,,,,,,,,,,,,,
,,Cafe con leche grande,Datáfono,Lastra,,,,,,,,,,,,,,,
,,Redbull sin azucar,Datáfono,Lastra,,,,,,,,,,,,,,,
,,Cafe con leche grande,Datáfono,Lastra,,,,,,,,,,,,,,,
03/06/2026,9:16:57,Cafe con leche grande,Datáfono,Bakr,"1,50 €",,,,,,,,,,,,,,
03/06/2026,9:17:07,Cafe con leche grande,Datáfono,Bakr,"1,50 €",,,,,,,,,,,,,,
,,Cafe con leche grande,Datáfono,Bakr,"1,50 €",,,,,,,,,,,,,,
,,Cafe solo grande,Datáfono,Vittorio,"1,20 €",,,,,,,,,,,,,,
04/06/2026,8:58:21,Cafe con leche grande,Datáfono,Vittorio,"1,50 €",,,,,,,,,,,,,,
,,Cafe con leche grande,Datáfono,"Vittorio, Bakr","1,50 €",,,,,,,,,,,,,,
,,Cafe con leche grande,Datáfono,"Vittorio, Bakr","1,50 €",,,,,,,,,,,,,,
,,Cafe con leche grande,Datáfono,"Vittorio, Bakr","1,50 €",,,,,,,,,,,,,,
04/06/2026,10:02:48,Croissant pavo y queso,Datáfono,"Vittorio, Bakr","2,50 €",,,,,,,,,,,,,,
,,Cafe con leche grande,Datáfono,"Vittorio, Bakr","1,50 €",,,,,,,,,,,,,,
,,Cafe americano pequeño,Datáfono,"Vittorio, Bakr","1,20 €",,,,,,,,,,,,,,
04/06/2026,10:12:27,Sandwich pavo y queso,Datáfono,"Vittorio, Bakr","2,50 €",,,,,,,,,,,,,,
,,Redbull blanco,Datáfono,"Vittorio, Bakr","1,70 €",,,,,,,,,,,,,,
,,Cafe americano grande,Datáfono,"Vittorio, Bakr","1,50 €",,,,,,,,,,,,,,
08/06/2026,10:35:20,Cafe con leche grande,Datáfono,Luca,"1,50 €",,,,,,,,,,,,,,
08/06/2026,10:35:23,Cafe con leche grande,Datáfono,Luca,"1,50 €",,,,,,,,,,,,,,
08/06/2026,10:35:37,Cafe con leche grande,Datáfono,Luca,"1,50 €",,,,,,,,,,,,,,
08/06/2026,10:35:41,Cafe con leche grande,Datáfono,Luca,"1,50 €",,,,,,,,,,,,,,
08/06/2026,10:36:01,Agua,Datáfono,Luca,"0,50 €",,,,,,,,,,,,,,
08/06/2026,10:36:08,Agua,Efectivo,Luca,"0,50 €",,,,,,,,,,,,,,
08/06/2026,10:36:41,Coca Cola Zero,Datáfono,Luca,"1,20 €",,,,,,,,,,,,,,
08/06/2026,11:12:08,Cafe con leche grande,Datáfono,Luca,"1,50 €",,,,,,,,,,,,,,
08/06/2026,11:12:11,Cafe con leche grande,Datáfono,Luca,"1,50 €",,,,,,,,,,,,,,
08/06/2026,12:19:56,Nestea,Datáfono,,"1,20 €",,,,,,,,,,,,,,
10/06/2026,9:23:45,Nestea,Efectivo,Ángel,"1,20 €",,,,,,,,,,,,,,
10/06/2026,9:57:56,Cafe con leche grande,Datáfono,Ángel,"1,50 €",,,,,,,,,,,,,,
10/06/2026,9:58:03,Cafe con leche grande,Datáfono,Ángel,"1,50 €",,,,,,,,,,,,,,
10/06/2026,9:58:25,Cafe con leche grande,Datáfono,Ángel,"1,50 €",,,,,,,,,,,,,,
10/06/2026,12:04:55,Sandwich pavo y queso,Datáfono,Ángel,"2,50 €",,,,,,,,,,,,,,